9.988831788564839220e-01,-2.530095069307811660e-03,-4.718043679859174055e-02,-4.322717600361757895e-01,3.161120532202017601e-03,9.999064889196117578e-01,1.330491388305232378e-02,-6.139408236383400719e-02,4.714236220796043375e-02,-1.343919772139735846e-02,9.987977701467193326e-01,2.736870643905767730e-01,0.000000000000000000e+00,0.000000000000000000e+00,0.000000000000000000e+00,1.000000000000000000e+00
9.960172626730779966e-01,-1.194127053802649004e-02,-8.835733424660523194e-02,1.611587817684125401e+00,9.117674756115341436e-03,9.994369071068294197e-01,-3.229143415484260482e-02,1.615521792611798846e+00,8.869318161093532604e-02,3.135721241871634868e-02,9.955652890519320897e-01,4.393782610742071326e-01,0.000000000000000000e+00,0.000000000000000000e+00,0.000000000000000000e+00,1.000000000000000000e+00
9.963773800095838684e-01,-1.099960244771774898e-02,-8.432748870462997148e-02,1.422110128119060457e+00,8.447917890445379857e-03,9.994973379281403281e-01,-3.055657307155421748e-02,1.600286285753603766e+00,8.462121063039471092e-02,2.973348651862241926e-02,9.959694626296999864e-01,4.119056290074997184e-01,0.000000000000000000e+00,0.000000000000000000e+00,0.000000000000000000e+00,1.000000000000000000e+00
9.967203753337242622e-01,-1.006447005824470317e-02,-8.029445707548429900e-02,1.232632438553995513e+00,7.771040400168423463e-03,9.995542865868474181e-01,-2.882427964334181858e-02,1.585050778895408463e+00,8.054876985838482772e-02,2.810577535499270141e-02,9.963543350967043466e-01,3.844329969407922487e-01,0.000000000000000000e+00,0.000000000000000000e+00,0.000000000000000000e+00,1.000000000000000000e+00
9.970462365257123372e-01,-9.135902186187256149e-03,-7.625836033614891152e-02,1.043154748988930347e+00,7.087061895908823225e-03,9.996077510033533065e-01,-2.709460624740379561e-02,1.569815272037213383e+00,7.647598174327066567e-02,2.647412746933719765e-02,9.967198928440931249e-01,3.569603648740848345e-01,0.000000000000000000e+00,0.000000000000000000e+00,0.000000000000000000e+00,1.000000000000000000e+00
9.973549524950980905e-01,-8.213927256669089835e-03,-7.221931966255848434e-02,8.536770594238654031e-01,6.396002417849755255e-03,9.996577293074231374e-01,-2.536760510961861073e-02,1.554579765179018302e+00,7.240296876904647738e-02,2.483859164584089133e-02,9.970661234233563208e-01,3.294877328073774203e-01,0.000000000000000000e+00,0.000000000000000000e+00,0.000000000000000000e+00,1.000000000000000000e+00
9.976465131820093646e-01,-7.298573300458474113e-03,-6.817745641747671725e-02,6.641993698588004591e-01,5.697882433777677440e-03,9.997042198383995215e-01,-2.364332829928930332e-02,1.539344258320823222e+00,6.832985344305919639e-02,2.319921690650271137e-02,9.973930155477204185e-01,3.020151007406699506e-01,0.000000000000000000e+00,0.000000000000000000e+00,0.000000000000000000e+00,1.000000000000000000e+00
9.979209095582370903e-01,-6.389867951128038771e-03,-6.413289213834141855e-02,4.747216802937352931e-01,4.992722837062232681e-03,9.997472211453830582e-01,-2.192182772391080073e-02,1.524108751462627920e+00,6.425675828372659493e-02,2.155605250623809574e-02,9.977005590933659684e-01,2.745424686739625364e-01,0.000000000000000000e+00,0.000000000000000000e+00,0.000000000000000000e+00,1.000000000000000000e+00
9.981781336281675410e-01,-5.487838442274129737e-03,-6.008574852508319353e-02,2.852439907286703491e-01,4.280544944572035014e-03,9.997867319873846581e-01,-2.020315512396140059e-02,1.508873244604432839e+00,6.018380580825324899e-02,1.990914792794626700e-02,9.979887451004733068e-01,2.470698366072551222e-01,0.000000000000000000e+00,0.000000000000000000e+00,0.000000000000000000e+00,1.000000000000000000e+00
9.984181784295579343e-01,-4.592511604796302091e-03,-5.603614742791914599e-02,9.576630116360540512e-02,3.561370494526752348e-03,9.998227513334441152e-01,-1.848736206771924365e-02,1.493637737746237759e+00,5.611111852034667696e-02,1.825855287754320558e-02,9.982575657740911934e-01,2.195972045405476802e-01,0.000000000000000000e+00,0.000000000000000000e+00,0.000000000000000000e+00,1.000000000000000000e+00
9.986410380341554927e-01,-3.703913864237533184e-03,-5.198421083512484026e-02,-9.371138840145953885e-02,2.835221644285953763e-03,9.998552783627168150e-01,-1.677449994610503980e-02,1.478402230888042457e+00,5.203881889793594145e-02,1.660431727896135440e-02,9.985070144848294804e-01,1.921245724738402383e-01,0.000000000000000000e+00,0.000000000000000000e+00,0.000000000000000000e+00,1.000000000000000000e+00
9.988467075481641810e-01,-2.822071238185745214e-03,-4.793006086078727829e-02,-2.831890779665245383e-01,2.102120968075204925e-03,9.998843124645314662e-01,-1.506461996755213868e-02,1.463166724029847376e+00,4.796702938089606599e-02,1.494649126911720520e-02,9.987370857693803616e-01,1.646519404071328241e-01,0.000000000000000000e+00,0.000000000000000000e+00,0.000000000000000000e+00,1.000000000000000000e+00
9.992572923748744840e-01,-2.434117364735921118e-03,-3.845697216746989111e-02,-5.520209045965284167e-01,1.873561326976444985e-03,9.998915785664663769e-01,-1.460550854349908396e-02,1.445457634424379689e+00,3.848835412938465816e-02,1.452260942512940793e-02,9.991535119349260752e-01,1.814353838961862975e-01,0.000000000000000000e+00,0.000000000000000000e+00,0.000000000000000000e+00,1.000000000000000000e+00
9.995779316793819147e-01,-2.050131395534166359e-03,-2.897853448381799285e-02,-8.208527312265323506e-01,1.640613091449857203e-03,9.998985590267783774e-01,-1.414849973871374830e-02,1.427748544818912002e+00,2.900460115659145993e-02,1.409498554214458355e-02,9.994798969935881905e-01,1.982188273852397709e-01,0.000000000000000000e+00,0.000000000000000000e+00,0.000000000000000000e+00,1.000000000000000000e+00
9.998085393564161150e-01,-1.670167243698456776e-03,-1.949602963087415999e-02,-1.089684557856536173e+00,1.403305745368881941e-03,9.999052527641248966e-01,-1.369365647650425469e-02,1.410039455213444315e+00,1.951705313244960979e-02,1.366367578982935829e-02,9.997161540161965121e-01,2.150022708742932442e-01,0.000000000000000000e+00,0.000000000000000000e+00,0.000000000000000000e+00,1.000000000000000000e+00
9.999490536548181208e-01,-1.294277761558891180e-03,-1.001074122679392400e-02,-1.358516384486539996e+00,1.161669970014854404e-03,9.999116587742861162e-01,-1.324104112737094045e-02,1.392330365607976628e+00,1.002699445071468520e-02,1.322873736725834089e-02,9.998622204533751390e-01,2.317857143633467176e-01,0.000000000000000000e+00,0.000000000000000000e+00,0.000000000000000000e+00,1.000000000000000000e+00
9.999994372191871594e-01,-9.225147161843829952e-04,-5.239541080273084307e-04,-1.627348211116543819e+00,9.157376308938378409e-04,9.999177761306615730e-01,-1.279071548052036246e-02,1.374621276002509163e+00,5.357106497544981494e-04,1.279022847765752709e-02,9.999180581775634069e-01,2.485691578524001910e-01,0.000000000000000000e+00,0.000000000000000000e+00,0.000000000000000000e+00,1.000000000000000000e+00
9.999596771150194296e-01,-5.549287656314122160e-04,8.963046250638945917e-03,-1.896180037746547864e+00,6.655417637439216922e-04,9.999236039847165802e-01,-1.234274071575769752e-02,1.356912186397041475e+00,-8.955512167750690616e-03,1.234820830245364140e-02,9.998836535085131594e-01,2.653526013414536644e-01,0.000000000000000000e+00,0.000000000000000000e+00,0.000000000000000000e+00,1.000000000000000000e+00
9.998297848373070007e-01,-1.915694359377127895e-04,1.844897431662872317e-02,-2.165011864376551909e+00,4.111165597458773060e-04,9.999291415663729143e-01,-1.189717737578441237e-02,1.339203096791573788e+00,-1.844538791564748897e-02,1.190273697465369859e-02,9.997590172222271532e-01,2.821360448305071378e-01,0.000000000000000000e+00,0.000000000000000000e+00,0.000000000000000000e+00,1.000000000000000000e+00
9.996097963025883937e-01,1.675149011171614486e-04,2.793254508016315002e-02,-2.433843691006555510e+00,1.524973499510753883e-04,9.999343881843480997e-01,-1.145408533892754328e-02,1.321494007186106101e+00,-2.793263110513760639e-02,1.145387555157994196e-02,9.995441845433312711e-01,2.989194883195606112e-01,0.000000000000000000e+00,0.000000000000000000e+00,0.000000000000000000e+00,1.000000000000000000e+00
9.992997718244606142e-01,5.222770494634356537e-04,3.741247463433566844e-02,-2.702675517636559555e+00,-1.102794110584545738e-04,9.999393432264417347e-01,-1.101352379232635285e-02,1.303784917580638414e+00,-3.741595742504397193e-02,1.100168598698607857e-02,9.992392151208895346e-01,3.157029318086140846e-01,0.000000000000000000e+00,0.000000000000000000e+00,0.000000000000000000e+00,1.000000000000000000e+00
9.988997960725795044e-01,8.726710093849023540e-04,4.688748075412602079e-02,-2.971507344266563155e+00,-3.771761622619566466e-04,9.999440061597650864e-01,-1.057555120560158858e-02,1.286075827975170727e+00,-4.689408432096504875e-02,1.054623110258157657e-02,9.988441929876897829e-01,3.324863752976675579e-01,0.000000000000000000e+00,0.000000000000000000e+00,0.000000000000000000e+00,1.000000000000000000e+00
9.988394855232364256e-01,7.498025522407442784e-04,4.815724198714647908e-02,-3.102482438620699945e+00,-3.059399560647616196e-04,9.999574144017511212e-01,-9.223653490212686476e-03,1.256765082967034708e+00,-4.816210710111439031e-02,9.198216082310898059e-03,9.987971787407509128e-01,3.116719919765044700e-01,0.000000000000000000e+00,0.000000000000000000e+00,0.000000000000000000e+00,1.000000000000000000e+00
9.987775547152036859e-01,6.252197591778823347e-04,4.942676701313542670e-02,-3.233457532974836734e+00,-2.364196563430455607e-04,9.999689902125381558e-01,-7.871640176136143058e-03,1.227454337958898689e+00,-4.943015580457068431e-02,7.850332067447819695e-03,9.987467306497510577e-01,2.908576086553414375e-01,0.000000000000000000e+00,0.000000000000000000e+00,0.000000000000000000e+00,1.000000000000000000e+00
9.987140039392615742e-01,4.989232430934497416e-04,5.069604926624900892e-02,-3.364432627328973524e+00,-1.686156534546283771e-04,9.999787334991477872e-01,-6.519518249194393607e-03,1.198143592950762670e+00,-5.069822387786238754e-02,6.502586026933421075e-03,9.986928489133144460e-01,2.700432253341783495e-01,0.000000000000000000e+00,0.000000000000000000e+00,0.000000000000000000e+00,1.000000000000000000e+00
9.986488335029424235e-01,3.709136346121350361e-04,5.196508218301725684e-02,-3.495407721683110758e+00,-1.025283200239105071e-04,9.999866441875425727e-01,-5.167294696477041198e-03,1.168832847942626429e+00,-5.196630476718227393e-02,5.154984928426610373e-03,9.986355337655633546e-01,2.492288420130152615e-01,0.000000000000000000e+00,0.000000000000000000e+00,0.000000000000000000e+00,1.000000000000000000e+00
9.985820437305257258e-01,2.411915820756981087e-04,5.323385920245708725e-02,-3.626382816037247103e+00,-3.815801093507184105e-05,9.999927222226285828e-01,-3.814976506220506790e-03,1.139522102934490411e+00,-5.323439191850030949e-02,3.807535738184051124e-03,9.985747854761154452e-01,2.284144586918522013e-01,0.000000000000000000e+00,0.000000000000000000e+00,0.000000000000000000e+00,1.000000000000000000e+00
9.985136349630318042e-01,1.097577515320299804e-04,5.450237376618543433e-02,-3.757357910391384337e+00,2.449493667427209381e-05,9.999969675682544024e-01,-2.462570667687640283e-03,1.110211357926354392e+00,-5.450247877767649268e-02,2.460245420940126299e-03,9.985106043500776574e-01,2.076000753706891411e-01,0.000000000000000000e+00,0.000000000000000000e+00,0.000000000000000000e+00,1.000000000000000000e+00
9.984436075582172609e-01,-2.338717327624568565e-05,5.577061931853229126e-02,-3.888333004745521126e+00,8.543020341895428871e-05,9.999993802072145721e-01,-1.110084171047321169e-03,1.080900612918218373e+00,-5.577055879057395138e-02,1.113120939786944007e-03,9.984429907280436556e-01,1.867856920495260531e-01,0.000000000000000000e+00,0.000000000000000000e+00,0.000000000000000000e+00,1.000000000000000000e+00
9.983719618905675386e-01,-1.582424909236292566e-04,5.703858930665359206e-02,-4.019308099099657916e+00,1.446474876716830375e-04,9.999999601412478123e-01,2.424759927459816647e-04,1.051589867910082354e+00,-5.703862540317167218e-02,-2.338307439456243991e-04,9.983719449860857242e-01,1.659713087283629929e-01,0.000000000000000000e+00,0.000000000000000000e+00,0.000000000000000000e+00,1.000000000000000000e+00
9.982986983512911472e-01,-2.948074823140575196e-04,5.830627718064403803e-02,-4.150283193453795150e+00,2.021465055680083279e-04,9.999987073910372448e-01,1.595102832072660490e-03,1.022279122901946113e+00,-5.830667206167752109e-02,-1.580602670809848169e-03,9.982974675357485506e-01,1.451569254071999326e-01,0.000000000000000000e+00,0.000000000000000000e+00,0.000000000000000000e+00,1.000000000000000000e+00
9.982238173483121146e-01,-4.330814106936728457e-04,5.957367639364993805e-02,-4.281258287807931495e+00,2.579269910108302659e-04,9.999956219962100601e-01,2.947789354768432651e-03,9.929683778938102057e-01,-5.957469221264109771e-02,-2.927187883359995760e-03,9.982195588240417861e-01,1.243425420860368447e-01,0.000000000000000000e+00,0.000000000000000000e+00,0.000000000000000000e+00,1.000000000000000000e+00
9.982728387922910063e-01,1.566348676752846538e-04,5.874789183535712722e-02,-4.323898774106801568e+00,-3.162290635914755750e-04,9.999962852361534704e-01,2.707307347335764693e-03,9.177557112999379374e-01,-5.874724954208436489e-02,-2.721209181931168956e-03,9.982691799769379815e-01,1.301039560500525660e-01,0.000000000000000000e+00,0.000000000000000000e+00,0.000000000000000000e+00,1.000000000000000000e+00
9.983208371980542006e-01,7.461817497750441921e-04,5.792192356070940268e-02,-4.366539260405672529e+00,-8.905853694027980084e-04,9.999965596388433742e-01,2.467299774469933985e-03,8.425430447060657801e-01,-5.791988323431052771e-02,-2.514741194158229883e-03,9.983180671523732563e-01,1.358653700140682874e-01,0.000000000000000000e+00,0.000000000000000000e+00,0.000000000000000000e+00,1.000000000000000000e+00
9.983678124824630906e-01,1.335558284382346158e-03,5.709577290001631444e-02,-4.409179746704542602e+00,-1.465141001770345038e-03,9.999964452016436578e-01,2.227767025706307163e-03,7.673303781121935119e-01,-5.709259462334979884e-02,-2.307784250078550974e-03,9.983662202674070674e-01,1.416267839780840365e-01,0.000000000000000000e+00,0.000000000000000000e+00,0.000000000000000000e+00,1.000000000000000000e+00
9.984137645656777638e-01,1.924763520816951540e-03,5.626944118418403945e-02,-4.451820233003412675e+00,-2.039895035392791031e-03,9.999959419231724267e-01,1.988709489052062698e-03,6.921177115183212436e-01,-5.626538504299063298e-02,-2.100338681307899191e-03,9.984136392414657557e-01,1.473881979420997579e-01,0.000000000000000000e+00,0.000000000000000000e+00,0.000000000000000000e+00,1.000000000000000000e+00
9.984586933711553369e-01,2.513796508946751929e-03,5.544292974470802632e-02,-4.494460719302283636e+00,-2.614846544325237759e-03,9.999950498033001178e-01,1.750127550984090143e-03,6.169050449244489753e-01,-5.543825582677230218e-02,-1.892404821038651437e-03,9.984603239963411037e-01,1.531496119061154793e-01,0.000000000000000000e+00,0.000000000000000000e+00,0.000000000000000000e+00,1.000000000000000000e+00
9.985025988256523988e-01,3.102656299192881485e-03,5.461623991366609809e-02,-4.537101205601153708e+00,-3.189994601984197983e-03,9.999937688431518312e-01,1.512021596446914539e-03,5.416923783305767071e-01,-5.461120830797801251e-02,-1.683983004038025130e-03,9.985062744561922221e-01,1.589110258701312006e-01,0.000000000000000000e+00,0.000000000000000000e+00,0.000000000000000000e+00,1.000000000000000000e+00
9.985454808592240106e-01,3.691341942534811810e-03,5.378937302371108314e-02,-4.579741691900023781e+00,-3.765338281152558284e-03,9.999920990451053315e-01,1.274392008850621033e-03,4.664797117367045498e-01,-5.378424381962752104e-02,-1.475073566646270410e-03,9.985514905475447733e-01,1.646724398341469220e-01,0.000000000000000000e+00,0.000000000000000000e+00,0.000000000000000000e+00,1.000000000000000000e+00
9.985873394052253715e-01,4.279852490515459636e-03,5.296233040806373055e-02,-4.622382178198893854e+00,-4.340876653984577886e-03,9.999900404127929354e-01,1.037239170068797282e-03,3.912670451428322815e-01,-5.295736369447005126e-02,-1.265676846774865371e-03,9.985959721992930804e-01,1.704338537981626711e-01,0.000000000000000000e+00,0.000000000000000000e+00,0.000000000000000000e+00,1.000000000000000000e+00
9.986281744003099314e-01,4.868186995246269119e-03,5.213511340050555609e-02,-4.665022664497764815e+00,-4.916608792010857334e-03,9.999875929510986250e-01,8.005634604364890786e-04,3.160543785489600133e-01,-5.213056926497715293e-02,-1.055793183904694607e-03,9.986397193426977958e-01,1.761952677621783925e-01,0.000000000000000000e+00,0.000000000000000000e+00,0.000000000000000000e+00,1.000000000000000000e+00
9.986679857844324992e-01,5.456344509412311070e-03,5.130772333537170216e-02,-4.707663150796634888e+00,-5.492533766143350982e-03,9.999847566661616005e-01,5.643652587481681228e-04,2.408417119550878838e-01,-5.130386186333553422e-02,-8.454229190842132199e-04,9.986827319113892321e-01,1.819566817261941138e-01,0.000000000000000000e+00,0.000000000000000000e+00,0.000000000000000000e+00,1.000000000000000000e+00
9.989440440398598131e-01,4.936864344836444131e-03,4.567739318011904831e-02,-4.457095700664238436e+00,-4.962509370034008140e-03,9.999875862953678807e-01,4.480579385541279941e-04,2.460275171668127869e-01,-4.567461415319048340e-02,-6.742593007584919739e-04,9.989561426791230270e-01,1.764515623484372853e-01,0.000000000000000000e+00,0.000000000000000000e+00,0.000000000000000000e+00,1.000000000000000000e+00
9.991881046523032328e-01,4.416392818121415119e-03,4.004531178320472340e-02,-4.206528250531841095e+00,-4.433113582278950561e-03,9.999901196626005406e-01,3.287569687726764811e-04,2.512133223785376623e-01,-4.004346420209724255e-02,-5.060154680919271572e-04,9.991978107076903148e-01,1.709464429706804567e-01,0.000000000000000000e+00,0.000000000000000000e+00,0.000000000000000000e+00,1.000000000000000000e+00
9.994001504904834743e-01,3.894954804544783177e-03,3.441174983445964564e-02,-3.955960800399444643e+00,-3.904371980346239314e-03,9.999923565960767702e-01,2.064675853767333877e-04,2.563991275902625655e-01,-3.441068262964230851e-02,-3.407000077452626433e-04,9.994077190238560560e-01,1.654413235929236281e-01,0.000000000000000000e+00,0.000000000000000000e+00,0.000000000000000000e+00,1.000000000000000000e+00
9.995801675006483755e-01,3.372575277177955119e-03,2.877697821828785127e-02,-3.705393350267047747e+00,-3.376310083673487832e-03,9.999942969525077441e-01,8.119531292587843095e-05,2.615849328019874687e-01,-2.877654026450938637e-02,-1.783212262307747032e-04,9.995858537073969430e-01,1.599362042151667995e-01,0.000000000000000000e+00,0.000000000000000000e+00,0.000000000000000000e+00,1.000000000000000000e+00
9.997281447094420459e-01,2.849279302900440975e-03,2.314126797025920293e-02,-3.454825900134650851e+00,-2.848953349563248128e-03,9.999959406171257115e-01,-4.705403626185906225e-05,2.667707380137123718e-01,-2.314130810108394956e-02,-1.888714852385149588e-05,9.997322038939461253e-01,1.544310848374099709e-01,0.000000000000000000e+00,0.000000000000000000e+00,0.000000000000000000e+00,1.000000000000000000e+00
9.998440742260367164e-01,2.325092038390776626e-03,1.750489023365740110e-02,-3.204258450002254399e+00,-2.322327169092554093e-03,9.999972875037067555e-01,-1.782743630075966869e-04,2.719565432254372750e-01,-1.750525725600960564e-02,1.375944832579614502e-04,9.998467617771029659e-01,1.489259654596531424e-01,0.000000000000000000e+00,0.000000000000000000e+00,0.000000000000000000e+00,1.000000000000000000e+00
9.999279512435222950e-01,1.800038726095454277e-03,1.186811621599788945e-02,-2.953690999869857503e+00,-1.796456863038005522e-03,9.999983375545861142e-01,-3.124592822382940538e-04,2.771423484371621782e-01,-1.186865892471087279e-02,2.911162111079968156e-04,9.999295226098088296e-01,1.434208460818963138e-01,0.000000000000000000e+00,0.000000000000000000e+00,0.000000000000000000e+00,1.000000000000000000e+00
9.999797740395522938e-01,1.274144690177216868e-03,6.231217145530324603e-03,-2.703123549737460607e+00,-1.271367677817755943e-03,9.999990907406657303e-01,-4.496021240222224059e-04,2.823281536488870813e-01,-6.231784337896985326e-03,4.416708623151535456e-04,9.999804847049844625e-01,1.379157267041394852e-01,0.000000000000000000e+00,0.000000000000000000e+00,0.000000000000000000e+00,1.000000000000000000e+00
9.999995439762487948e-01,7.474353324440952172e-04,5.944642277402315727e-04,-2.452556099605063711e+00,-7.470847814517903940e-04,9.999995470614142512e-01,-5.896959346728577718e-04,2.875139588606119845e-01,-5.949047180614182090e-04,5.892515505798433815e-04,9.999996494354317367e-01,1.324106073263826566e-01,0.000000000000000000e+00,0.000000000000000000e+00,0.000000000000000000e+00,1.000000000000000000e+00
9.999872654993683385e-01,2.199361282605441156e-04,-5.041871398135486237e-03,-2.201988649472667259e+00,-2.236332595418280165e-04,9.999997065448648081e-01,-7.327334779208138785e-04,2.926997640723368876e-01,5.041708764008251409e-03,7.338516770608321952e-04,9.999870212330033148e-01,1.269054879486258280e-01,0.000000000000000000e+00,0.000000000000000000e+00,0.000000000000000000e+00,1.000000000000000000e+00
9.999034027027489113e-01,1.180003823725752753e-04,-1.389860926042602550e-02,-1.910940240941102708e+00,-1.340091053136325812e-04,9.999993287394691732e-01,-1.150896246736127183e-03,3.022340129097156325e-01,1.389846412464101032e-02,1.152647613461369727e-03,9.999027473201856919e-01,1.505245361920941882e-01,0.000000000000000000e+00,0.000000000000000000e+00,0.000000000000000000e+00,1.000000000000000000e+00
9.997410575803185040e-01,1.234243113361674750e-05,-2.275560669045001427e-02,-1.619891832409538379e+00,-4.807894251921994091e-05,9.999987665469931564e-01,-1.569902196749290877e-03,3.117682617470943218e-01,2.275555924606877112e-02,1.570589747981861401e-03,9.997398250401161590e-01,1.741435844355625207e-01,0.000000000000000000e+00,0.000000000000000000e+00,0.000000000000000000e+00,1.000000000000000000e+00
9.995002168715656499e-01,-9.702679176161170690e-05,-3.161181835160094267e-02,-1.328843423877974050e+00,3.414555991271199888e-05,9.999980199576207207e-01,-1.989702218547324212e-03,3.213025105844730112e-01,3.161194881328374673e-02,1.987628395710411885e-03,9.994982411318124038e-01,1.977626326790308808e-01,0.000000000000000000e+00,0.000000000000000000e+00,0.000000000000000000e+00,1.000000000000000000e+00
9.991808858414089611e-01,-2.100954712773714437e-04,-4.046619859920294604e-02,-1.037795015346409500e+00,1.126536023974219369e-04,9.999970890050646766e-01,-2.410246992060128060e-03,3.308367594218517560e-01,4.046658718428146340e-02,2.403714061575700639e-03,9.991780008989225026e-01,2.213816809224992133e-01,0.000000000000000000e+00,0.000000000000000000e+00,0.000000000000000000e+00,1.000000000000000000e+00
9.987830882872370530e-01,-3.268509152524408422e-04,-4.931770189180376823e-02,-7.467466068148449487e-01,1.874352593711806579e-04,9.999959737665745640e-01,-2.831487005863530734e-03,3.403710082592305008e-01,4.931842880134332946e-02,2.818797459915877573e-03,9.987791282167680640e-01,2.450007291659675734e-01,0.000000000000000000e+00,0.000000000000000000e+00,0.000000000000000000e+00,1.000000000000000000e+00
9.983068665350135484e-01,-4.472795591353336529e-04,-5.816528320260096196e-02,-4.556981982832806199e-01,2.584814834546745352e-04,9.999946743629191115e-01,-3.253372576604388836e-03,3.499052570966091902e-01,5.816642860246368230e-02,3.232829533933100855e-03,9.983016655284309149e-01,2.686197774094359336e-01,0.000000000000000000e+00,0.000000000000000000e+00,0.000000000000000000e+00,1.000000000000000000e+00
9.977522814244477178e-01,-5.713669712355021971e-04,-6.700789843066159990e-02,-1.646497897517162912e-01,3.257841090991061292e-04,9.999931909583441580e-01,-3.675853868531748451e-03,3.594395059339878795e-01,6.700954243258147591e-02,3.645761475017597706e-03,9.977456738298809968e-01,2.922388256529042661e-01,0.000000000000000000e+00,0.000000000000000000e+00,0.000000000000000000e+00,1.000000000000000000e+00
9.971194122832371942e-01,-6.990978584862582966e-04,-7.584450481159545066e-02,1.263986187798482597e-01,3.893358557119071337e-04,9.999915237605025986e-01,-4.098880913117930284e-03,3.689737547713666244e-01,7.584672745427663287e-02,4.057544741925259678e-03,9.971112326441540219e-01,3.158578738963726540e-01,0.000000000000000000e+00,0.000000000000000000e+00,0.000000000000000000e+00,1.000000000000000000e+00
9.964083568904089638e-01,-8.304560727145796160e-04,-8.467406132734260626e-02,4.174470273114128105e-01,4.491303302595534876e-04,9.999896730203592377e-01,-4.522403628753324939e-03,3.785080036087453692e-01,8.467694255759193600e-02,4.468131079792957150e-03,9.963984399846036455e-01,3.394769221398409864e-01,0.000000000000000000e+00,0.000000000000000000e+00,0.000000000000000000e+00,1.000000000000000000e+00
9.956192314287944933e-01,-9.654246174124179493e-04,-9.349552911473778261e-02,7.084954358429771393e-01,5.051620293455504843e-04,9.999876390320731057e-01,-4.946371840498632252e-03,3.880422524461240585e-01,9.349914876864277857e-02,4.877472538975942754e-03,9.956074123072662374e-01,3.630959703833093188e-01,0.000000000000000000e+00,0.000000000000000000e+00,0.000000000000000000e+00,1.000000000000000000e+00
9.943819347300960620e-01,-2.373051582975378195e-03,-1.058250277987938248e-01,1.108369684323486926e+00,1.873800786282627667e-03,9.999866431898555286e-01,-4.816877878667909056e-03,3.930831377159093032e-01,1.058350450136639476e-01,4.591521324050635601e-03,9.943730995853048427e-01,4.307526604465062303e-01,0.000000000000000000e+00,0.000000000000000000e+00,0.000000000000000000e+00,1.000000000000000000e+00
9.929894934991830846e-01,-3.777459354793951101e-03,-1.181422727098923875e-01,1.508243932803996934e+00,3.244363230309993840e-03,9.999836716062665554e-01,-4.704320150689490949e-03,3.981240229856945478e-01,1.181581140145081810e-01,4.288044038165927420e-03,9.929855350259948477e-01,4.984093505097031418e-01,0.000000000000000000e+00,0.000000000000000000e+00,0.000000000000000000e+00,1.000000000000000000e+00
9.914421062791516359e-01,-5.178317039550447975e-03,-1.304443748476636078e-01,1.908118181284506720e+00,4.616530586216562038e-03,9.999787233595684999e-01,-4.608738820375825676e-03,4.031649082554797370e-01,1.304654649403680089e-01,3.967097277079762938e-03,9.914449175809456616e-01,5.660660405729001088e-01,0.000000000000000000e+00,0.000000000000000000e+00,0.000000000000000000e+00,1.000000000000000000e+00
9.897400442399286735e-01,-6.575295094280961608e-03,-1.427284495900063843e-01,2.307992429765016507e+00,5.989983030383172480e-03,9.999717984513007973e-01,-4.530166152197587399e-03,4.082057935252649816e-01,1.427542116059613286e-01,3.628745856893230044e-03,9.897515179439061450e-01,6.337227306360969648e-01,0.000000000000000000e+00,0.000000000000000000e+00,0.000000000000000000e+00,1.000000000000000000e+00
9.878836510377111413e-01,-7.968065584483541297e-03,-1.549916189451645832e-01,2.707866678245526515e+00,7.364399938980557142e-03,9.999628978071810614e-01,-4.468626478447594759e-03,4.132466787950502263e-01,1.550214747250860114e-01,3.273062771550332064e-03,9.879056784097117738e-01,7.013794206992938207e-01,0.000000000000000000e+00,0.000000000000000000e+00,0.000000000000000000e+00,1.000000000000000000e+00
9.858733425895440661e-01,-9.356302440587672617e-03,-1.672310137981584399e-01,3.107740926726036079e+00,8.739460137334635961e-03,9.999520232769207873e-01,-4.424136175645242662e-03,4.182875640648354709e-01,1.672643841582168445e-01,2.900129140739633477e-03,9.859078126494077443e-01,7.690361107624907877e-01,0.000000000000000000e+00,0.000000000000000000e+00,0.000000000000000000e+00,1.000000000000000000e+00
9.837096067633487317e-01,-1.073968171236419807e-02,-1.794437761478925863e-01,3.507615175206545644e+00,1.011484215005219005e-02,9.999391776329655812e-01,-4.396703650227644367e-03,4.233284493346207156e-01,1.794800811504647098e-01,2.510034148275182460e-03,9.837584054018532198e-01,8.366928008256877547e-01,0.000000000000000000e+00,0.000000000000000000e+00,0.000000000000000000e+00,1.000000000000000000e+00
9.813930029838781044e-01,-1.211788182085885880e-02,-1.916270613312780757e-01,3.907489423687056096e+00,1.149022445149787928e-02,9.999243645681565873e-01,-4.386329333553410162e-03,4.283693346044059047e-01,1.916657205562327937e-01,2.102874971054919002e-03,9.814580120822877785e-01,9.043494908888846107e-01,0.000000000000000000e+00,0.000000000000000000e+00,0.000000000000000000e+00,1.000000000000000000e+00
9.789241617552687513e-01,-1.349058380743818272e-02,-2.037780402307344807e-01,4.307363672167565660e+00,1.286528571621292638e-02,9.999075886923155521e-01,-4.393005686224688358e-03,4.334102198741911494e-01,2.038184730469359551e-01,1.678756698715300893e-03,9.790072583085182023e-01,9.720061809520815777e-01,0.000000000000000000e+00,0.000000000000000000e+00,0.000000000000000000e+00,1.000000000000000000e+00
9.763037841010375750e-01,-1.485747157954287606e-02,-2.158939014614768281e-01,4.707237920648075225e+00,1.423970506886609172e-02,9.998888555277649637e-01,-4.416717211712796291e-03,4.384511051439763940e-01,2.159355272981880181e-01,1.237792244121117997e-03,9.764068393455742623e-01,1.039662871015278434e+00,0.000000000000000000e+00,0.000000000000000000e+00,0.000000000000000000e+00,1.000000000000000000e+00
9.766263443995681914e-01,-1.391079108725348269e-02,-2.144935274456153118e-01,4.700301302260479375e+00,1.378250567014737728e-02,9.999028247956777138e-01,-2.093681703746531984e-03,3.274608404249479410e-01,2.145018087620439717e-01,-9.115135495628700095e-04,9.767231660920409064e-01,1.050030170411556441e+00,0.000000000000000000e+00,0.000000000000000000e+00,0.000000000000000000e+00,1.000000000000000000e+00
9.769464151513678196e-01,-1.296717538496267551e-02,-2.130904837983784439e-01,4.693364683872883525e+00,1.332188415911421918e-02,9.999112336001518830e-01,2.287414996297871660e-04,2.164705757059195157e-01,2.130686023921462280e-01,-3.062234928631271322e-03,9.770324423435996497e-01,1.060397469807834447e+00,0.000000000000000000e+00,0.000000000000000000e+00,0.000000000000000000e+00,1.000000000000000000e+00
9.772639925729774690e-01,-1.202663545469420496e-02,-2.116847865576629018e-01,4.686428065485287675e+00,1.285784569850486302e-02,9.999140816204705740e-01,2.550525648645660289e-03,1.054803109868910904e-01,2.116359247016366962e-01,-5.214347200834607010e-03,9.773346642573117471e-01,1.070764769204112232e+00,0.000000000000000000e+00,0.000000000000000000e+00,0.000000000000000000e+00,1.000000000000000000e+00
9.775790729381481636e-01,-1.108918220818849547e-02,-2.102764518231758917e-01,4.679491447097691825e+00,1.239039552993623401e-02,9.999113686638835263e-01,4.871644007007118471e-03,-5.509953732137362614e-03,2.102037921922498276e-01,-7.367825640775434171e-03,9.776298281524171685e-01,1.081132068600390239e+00,0.000000000000000000e+00,0.000000000000000000e+00,0.000000000000000000e+00,1.000000000000000000e+00
9.778916525779861590e-01,-1.015482648648069301e-02,-2.088654957558206404e-01,4.672554828710095975e+00,1.191953897370663824e-02,9.999030946656205510e-01,7.192069852922932521e-03,-1.165002184511658156e-01,2.087722213536790106e-01,-9.522645490855182610e-03,9.779179305104830355e-01,1.091499367996668246e+00,0.000000000000000000e+00,0.000000000000000000e+00,0.000000000000000000e+00,1.000000000000000000e+00
9.782017278810958283e-01,-9.223579059482827497e-03,-2.074519345770784173e-01,4.665618210322499237e+00,1.144528142859397093e-02,9.998892596888981910e-01,9.511776480130044661e-03,-2.274904831701942132e-01,2.073412286629439938e-01,-1.167878196222290298e-02,9.781989679755443978e-01,1.101866667392946253e+00,0.000000000000000000e+00,0.000000000000000000e+00,0.000000000000000000e+00,1.000000000000000000e+00
9.785092952937177735e-01,-8.295450625569978850e-03,-2.060357845683863931e-01,4.658681591934903388e+00,1.096762837164935896e-02,9.998698639249167242e-01,1.183073719891807908e-02,-3.384807478892227217e-01,2.059108305837582531e-01,-1.383621023572577206e-02,9.784729373542324637e-01,1.112233966789224260e+00,0.000000000000000000e+00,0.000000000000000000e+00,0.000000000000000000e+00,1.000000000000000000e+00
9.788143513198662715e-01,-7.370451811170629017e-03,-2.046170620705133614e-01,4.651744973547307538e+00,1.048658535798635723e-02,9.998449076928546120e-01,1.414892533715299792e-02,-4.494710126082511192e-01,2.044810435658982184e-01,-1.599490546286146467e-02,9.787398356158980572e-01,1.122601266185502045e+00,0.000000000000000000e+00,0.000000000000000000e+00,0.000000000000000000e+00,1.000000000000000000e+00
9.791168925214605023e-01,-6.448593170361113097e-03,-2.031957834829303533e-01,4.644808355159711688e+00,1.000215802056558800e-02,9.998143914398502918e-01,1.646631424129961496e-02,-5.604612773272794612e-01,2.030518840445721673e-01,-1.815484276673205027e-02,9.789996598927216409e-01,1.132968565581780052e+00,0.000000000000000000e+00,0.000000000000000000e+00,0.000000000000000000e+00,1.000000000000000000e+00
9.794169155184532238e-01,-5.529885184464268522e-03,-2.017719652631795035e-01,4.637871736772115838e+00,9.514352069974960080e-03,9.997783157409791954e-01,1.878287727744307190e-02,-6.714515420463079698e-01,2.016233684397908121e-01,-2.031599724299958110e-02,9.792524074798155675e-01,1.143335864978058058e+00,0.000000000000000000e+00,0.000000000000000000e+00,0.000000000000000000e+00,1.000000000000000000e+00
9.811387090740286698e-01,-5.159066265175497358e-03,-1.932361705059904289e-01,4.351877814221963625e+00,9.088910508841648028e-03,9.997694010552770072e-01,1.945601242122900129e-02,-6.503048259665815678e-01,1.930912355916522272e-01,-2.084535317149309799e-02,9.809593498146826906e-01,1.074958531507141712e+00,0.000000000000000000e+00,0.000000000000000000e+00,0.000000000000000000e+00,1.000000000000000000e+00
9.827862349195826130e-01,-4.792815263792314998e-03,-1.846841773797572306e-01,4.065883891671811412e+00,8.657557792870052352e-03,9.997599764107568676e-01,2.012551266988358428e-02,-6.291581098868550548e-01,1.845433909563102826e-01,-2.137799076175516538e-02,9.825918371151555197e-01,1.006581198036225144e+00,0.000000000000000000e+00,0.000000000000000000e+00,0.000000000000000000e+00,1.000000000000000000e+00
9.843592746100809920e-01,-4.431175954771509121e-03,-1.761169587767540956e-01,3.779889969121658311e+00,8.220340951779028446e-03,9.997500426823374697e-01,2.079129989444433030e-02,-6.080113938071285418e-01,1.759808071459826873e-01,-2.191385033083120826e-02,9.841496525833488551e-01,9.382038645653087983e-01,0.000000000000000000e+00,0.000000000000000000e+00,0.000000000000000000e+00,1.000000000000000000e+00
9.858576266618886974e-01,-4.074191076289369363e-03,-1.675354915224288033e-01,3.493896046571506098e+00,7.777308380043093487e-03,9.997396008619459096e-01,2.145329678064599593e-02,-5.868646777274021398e-01,1.674044605945422259e-01,-2.245287143041282268e-02,9.856325964260614914e-01,8.698265310943923412e-01,0.000000000000000000e+00,0.000000000000000000e+00,0.000000000000000000e+00,1.000000000000000000e+00
9.872811066377861211e-01,-3.721902313431148246e-03,-1.589407560043609724e-01,3.207902124021353885e+00,7.328509819068322259e-03,9.997286520581966096e-01,2.211142685882544826e-02,-5.657179616476757378e-01,1.588153311865713735e-01,-2.299499286954975394e-02,9.870404859391681551e-01,8.014491976234758841e-01,0.000000000000000000e+00,0.000000000000000000e+00,0.000000000000000000e+00,1.000000000000000000e+00
9.886295472222589309e-01,-3.374350281975885702e-03,-1.503337357990092993e-01,2.921908201471201227e+00,6.873996338588752794e-03,9.997171974959999652e-01,2.276561453335644233e-02,-5.445712455679492248e-01,1.502144018842696271e-01,-2.354015273779741166e-02,9.883731555822592441e-01,7.330718641525595380e-01,0.000000000000000000e+00,0.000000000000000000e+00,0.000000000000000000e+00,1.000000000000000000e+00
9.899027982870027831e-01,-3.031574512789772004e-03,-1.417154172965480741e-01,2.635914278921048570e+00,6.413820317297911668e-03,9.997052385161063759e-01,2.341578511159079709e-02,-5.234245294882227117e-01,1.416026583525138993e-01,-2.408828842878181845e-02,9.896304570434728554e-01,6.646945306816430810e-01,0.000000000000000000e+00,0.000000000000000000e+00,0.000000000000000000e+00,1.000000000000000000e+00
9.911007269465890168e-01,-2.693613436840721666e-03,-1.330867893240925970e-01,2.349920356370896357e+00,5.948035422730914464e-03,9.996927765745847738e-01,2.406186483228240150e-02,-5.022778134084963098e-01,1.329810885823712596e-01,-2.463933666416288568e-02,9.908122592944624829e-01,5.963171972107266239e-01,0.000000000000000000e+00,0.000000000000000000e+00,0.000000000000000000e+00,1.000000000000000000e+00
9.922232176042428131e-01,-2.360504370846007796e-03,-1.244488427676155029e-01,2.063926433820744144e+00,5.476696590413320312e-03,9.996798132422320959e-01,2.470378089347168363e-02,-4.811310973287698523e-01,1.243506825133663118e-01,-2.519323351797697272e-02,9.919184486354555297e-01,5.279398637398101668e-01,0.000000000000000000e+00,0.000000000000000000e+00,0.000000000000000000e+00,1.000000000000000000e+00
9.932701719877071733e-01,-2.032283503564262517e-03,-1.158025701928578621e-01,1.777932511270591487e+00,4.999860002293777216e-03,9.996663502039192517e-01,2.534146147980807437e-02,-4.599843812490433947e-01,1.157124316548057696e-01,-2.574991444133891208e-02,9.929489287303732148e-01,4.595625302688937097e-01,0.000000000000000000e+00,0.000000000000000000e+00,0.000000000000000000e+00,1.000000000000000000e+00
9.945794481586653912e-01,-4.231141906470177461e-03,-1.038933045897189461e-01,1.531450000221264984e+00,6.635197427331243972e-03,9.997179141956892279e-01,2.280495979652403041e-02,-4.692229093549724617e-01,1.037675067422608038e-01,-2.337069691703806337e-02,9.943269658769730013e-01,4.269848707893695305e-01,0.000000000000000000e+00,0.000000000000000000e+00,0.000000000000000000e+00,1.000000000000000000e+00
9.957421339825220929e-01,-6.401968615674044800e-03,-9.195986847411759257e-02,1.284967489171938482e+00,8.301396556113553593e-03,9.997597267223655715e-01,2.028732705999149524e-02,-4.784614374609015841e-01,9.180789414397451387e-02,-2.096434167496899134e-02,9.955560290365298437e-01,3.944072113098452959e-01,0.000000000000000000e+00,0.000000000000000000e+00,0.000000000000000000e+00,1.000000000000000000e+00
9.967578421465211891e-01,-8.544239216781834151e-03,-8.000500044132918820e-02,1.038484978122611979e+00,9.998097249310642504e-03,9.997917702314955690e-01,1.778916042891559926e-02,-4.876999655668306510e-01,7.983634617643772802e-02,-1.853138293756774815e-02,9.966357136264067940e-01,3.618295518303211167e-01,0.000000000000000000e+00,0.000000000000000000e+00,0.000000000000000000e+00,1.000000000000000000e+00
9.976262529288670855e-01,-1.065744201225888622e-02,-6.803145152694832498e-02,7.920024670732854766e-01,1.172492493345725535e-02,9.998140316707003761e-01,1.531104861479166100e-02,-4.969384936727597735e-01,6.785562321880901637e-02,-1.607236772025393001e-02,9.975656837489208506e-01,3.292518923507968820e-01,0.000000000000000000e+00,0.000000000000000000e+00,0.000000000000000000e+00,1.000000000000000000e+00
9.983471145101865396e-01,-1.274107842796427109e-02,-5.604198309907597320e-02,5.455199560239589740e-01,1.348149087567580146e-02,9.998265025020673935e-01,1.285357142014062308e-02,-5.061770217786888404e-01,5.586849159368564854e-02,-1.358785542225295941e-02,9.983456725163235568e-01,2.966742328712727028e-01,0.000000000000000000e+00,0.000000000000000000e+00,0.000000000000000000e+00,1.000000000000000000e+00
9.989202432067993964e-01,-1.479466340489335452e-02,-4.403936473661547446e-02,2.990374449746324714e-01,1.526739247501824812e-02,9.998291787113371409e-01,1.041729928661425976e-02,-5.154155498846179073e-01,4.387772143904578037e-02,-1.107841740272712087e-02,9.989754822963217151e-01,2.640965733917485236e-01,0.000000000000000000e+00,0.000000000000000000e+00,0.000000000000000000e+00,1.000000000000000000e+00
9.993455236253571128e-01,-1.681772577548285713e-02,-3.202637209709912475e-02,5.255493392530596886e-02,1.708221356996918877e-02,9.998220608118681962e-01,8.002792853709288917e-03,-5.246540779905469742e-01,3.188608457479766983e-02,-8.544636542889321590e-03,9.994549848776778100e-01,2.315189139122243167e-01,0.000000000000000000e+00,0.000000000000000000e+00,0.000000000000000000e+00,1.000000000000000000e+00
9.996229087385755108e-01,-1.880980862386548783e-02,-2.000578477749132000e-02,-1.939275771240205337e-01,1.892552476161698735e-02,9.998051538433683216e-01,5.610602528807014794e-03,-5.338926060964761522e-01,1.989635236738558632e-02,-5.987106794804067031e-03,9.997841215555989258e-01,1.989412544327001098e-01,0.000000000000000000e+00,0.000000000000000000e+00,0.000000000000000000e+00,1.000000000000000000e+00
9.997524198819659480e-01,-2.077046962949597592e-02,-7.980384171429761100e-03,-4.404100881733472583e-01,2.079688375196620670e-02,9.997784673654012133e-01,3.241268069230833580e-03,-5.431311342024052191e-01,7.911293595906138468e-03,-3.406432717608929347e-03,9.999629031368013621e-01,1.663635949531759306e-01,0.000000000000000000e+00,0.000000000000000000e+00,0.000000000000000000e+00,1.000000000000000000e+00
9.997341466716275216e-01,-2.269928139360634367e-02,4.047048673628679018e-03,-6.868925992226736499e-01,2.269583569683211038e-02,9.997420154456770902e-01,8.953181769874757638e-04,-5.523696623083342860e-01,-4.066327676816539234e-03,-8.032290019164123719e-04,9.999914098643024607e-01,1.337859354736516959e-01,0.000000000000000000e+00,0.000000000000000000e+00,0.000000000000000000e+00,1.000000000000000000e+00
9.996994066485944685e-01,-2.277564338368823563e-02,9.075594465791687535e-03,-9.150730860650122533e-01,2.275671409476335769e-02,9.997386478052946446e-01,2.183586052918462962e-03,-5.604339797824356983e-01,-9.122955116498661712e-03,-1.976398972970695635e-03,9.999564318194279489e-01,1.269447447264951401e-01,0.000000000000000000e+00,0.000000000000000000e+00,0.000000000000000000e+00,1.000000000000000000e+00
9.996392304249931415e-01,-2.285790828334094762e-02,1.410407828389573237e-02,-1.143253572907350746e+00,2.281107990255322113e-02,9.997337637550594014e-01,3.472209933561298117e-03,-5.684982972565371107e-01,-1.417969072325692831e-02,-3.149228009173420280e-03,9.998945038022458709e-01,1.201035539793385704e-01,0.000000000000000000e+00,0.000000000000000000e+00,0.000000000000000000e+00,1.000000000000000000e+00
9.995536168341718763e-01,-2.294607360140201238e-02,1.913229677807929893e-02,-1.371434059749689460e+00,2.285893000002206174e-02,9.997273632778505004e-01,4.761137760118968124e-03,-5.765626147306385230e-01,-1.923633002886863605e-02,-4.321668635582899543e-03,9.998056245026952782e-01,1.132623632321820145e-01,0.000000000000000000e+00,0.000000000000000000e+00,0.000000000000000000e+00,1.000000000000000000e+00
9.994425667665978175e-01,-2.304013636909585730e-02,2.416004658704678371e-02,-1.599614546592027953e+00,2.290026179345889742e-02,9.997194464791894220e-01,6.050317440791374256e-03,-5.846269322047399353e-01,-2.429266853982599284e-02,-5.493673400991708720e-03,9.996897947902526615e-01,1.064211724850254448e-01,0.000000000000000000e+00,0.000000000000000000e+00,0.000000000000000000e+00,1.000000000000000000e+00
9.993060831700814051e-01,-2.314009314035349665e-02,2.918712436547891975e-02,-1.827795033434366445e+00,2.293507321605967389e-02,9.997100135872449833e-01,7.339696857791549317e-03,-5.926912496788412366e-01,-2.934850176489679774e-02,-6.665194884326928679e-03,9.995470177141791979e-01,9.957998173786888896e-02,0.000000000000000000e+00,0.000000000000000000e+00,0.000000000000000000e+00,1.000000000000000000e+00
9.991441710495893025e-01,-2.324593999222880625e-02,3.421332681144448329e-02,-2.055975520276704938e+00,2.296336272825917624e-02,9.996990649528167960e-01,8.629223874368289679e-03,-6.007555671529426489e-01,-3.440362524268926470e-02,-7.836185701045354432e-03,9.993772985033326783e-01,9.273879099071233312e-02,0.000000000000000000e+00,0.000000000000000000e+00,0.000000000000000000e+00,1.000000000000000000e+00
9.989568374666372153e-01,-2.335767252541122441e-02,3.923845069380540312e-02,-2.284156007119043430e+00,2.298512931795628628e-02,9.996866010492908572e-01,9.918846341833167934e-03,-6.088198846270440612e-01,-3.945783456921291704e-02,-9.006598509521818174e-03,9.991806445655344593e-01,8.589760024355577728e-02,0.000000000000000000e+00,0.000000000000000000e+00,0.000000000000000000e+00,1.000000000000000000e+00
9.987440915382701512e-01,-2.347528586483477869e-02,4.426229287960747882e-02,-2.512336493961381922e+00,2.300037250063265148e-02,9.996726224725717147e-01,1.120851210658997676e-02,-6.168842021011454735e-01,-4.451092542542789410e-02,-1.017638601742883522e-02,9.989570654864985411e-01,7.905640949639920756e-02,0.000000000000000000e+00,0.000000000000000000e+00,0.000000000000000000e+00,1.000000000000000000e+00
9.985059444356242375e-01,-2.359877466038328223e-02,4.928465036144918932e-02,-2.740516980803720415e+00,2.300909231936463725e-02,9.996571299409898748e-01,1.249816901716457179e-02,-6.249485195752468858e-01,-4.956269360477491559e-02,-1.134550098810577917e-02,9.987065730283184450e-01,7.221521874924263784e-02,0.000000000000000000e+00,0.000000000000000000e+00,0.000000000000000000e+00,1.000000000000000000e+00
9.982424093820777555e-01,-2.372813308769137347e-02,5.430532028482061568e-02,-2.968697467646058907e+00,2.301128934472866649e-02,9.996401242951856725e-01,1.378776493123319742e-02,-6.330128370493482981e-01,-5.461293504067805948e-02,-1.251389624691577433e-02,9.984291811275169959e-01,6.537402800208608200e-02,0.000000000000000000e+00,0.000000000000000000e+00,0.000000000000000000e+00,1.000000000000000000e+00
9.980498396050336840e-01,-2.299219497809921672e-02,5.803340964010171577e-02,-3.168271400037224073e+00,2.201473958159027786e-02,9.996057552823220949e-01,1.742656729288022746e-02,-6.337444828108630412e-01,-5.841120530789913057e-02,-1.611499229126684210e-02,9.981625309126420653e-01,6.392183236777482236e-02,0.000000000000000000e+00,0.000000000000000000e+00,0.000000000000000000e+00,1.000000000000000000e+00
9.978423361869036556e-01,-2.226965770281052331e-02,6.176353664470456140e-02,-3.367845332428389238e+00,2.100428531034648216e-02,9.995575167004766559e-01,2.106159552782121969e-02,-6.344761285723778954e-01,-6.220524183429941567e-02,-1.971885273984335524e-02,9.978685658617373333e-01,6.246963673346356966e-02,0.000000000000000000e+00,0.000000000000000000e+00,0.000000000000000000e+00,1.000000000000000000e+00
9.976199056700534307e-01,-2.156055368967097624e-02,6.549554439401782113e-02,-3.567419264819553959e+00,1.997996706530912048e-02,9.994954085367998564e-01,2.469269588208139118e-02,-6.352077743338926386e-01,-6.599488409674726663e-02,-2.332532611670438613e-02,9.975472943347631904e-01,6.101744109915231001e-02,0.000000000000000000e+00,0.000000000000000000e+00,0.000000000000000000e+00,1.000000000000000000e+00
9.973825558561733029e-01,-2.086491423968685893e-02,6.922927579844846691e-02,-3.766993197210719124e+00,1.894182655623474765e-02,9.994194319475221411e-01,2.831971490685157578e-02,-6.359394200954073817e-01,-6.977997191544756117e-02,-2.693426070012584772e-02,9.971987269947835131e-01,5.956524546484105731e-02,0.000000000000000000e+00,0.000000000000000000e+00,0.000000000000000000e+00,1.000000000000000000e+00
9.971302958054070187e-01,-2.018276952242983868e-02,7.296457360545834103e-02,-3.966567129601884290e+00,1.788990666267142871e-02,9.993295892580009721e-01,3.194249948009938306e-02,-6.366710658569221248e-01,-7.356034547650504296e-02,-3.054550454387228164e-02,9.968228768068767565e-01,5.811304983052979767e-02,0.000000000000000000e+00,0.000000000000000000e+00,0.000000000000000000e+00,1.000000000000000000e+00
9.968631358352074701e-01,-1.951414857167934475e-02,7.670128042163855409e-02,-4.166141061993049455e+00,1.682425142805803880e-02,9.992258839625128841e-01,3.556089682811490460e-02,-6.374027116184369790e-01,-7.733584535441438701e-02,-3.415890549851928470e-02,9.964197590365523327e-01,5.666085419621853803e-02,0.000000000000000000e+00,0.000000000000000000e+00,0.000000000000000000e+00,1.000000000000000000e+00
9.965810875189357043e-01,-1.885907928130397399e-02,8.043923873481569065e-02,-4.365714994384214620e+00,1.574490605357779099e-02,9.991083207238078412e-01,3.917475454698508830e-02,-6.381343573799517221e-01,-8.110631253447041222e-02,-3.777431123282078140e-02,9.959893912476912581e-01,5.520865856190728532e-02,0.000000000000000000e+00,0.000000000000000000e+00,0.000000000000000000e+00,1.000000000000000000e+00
9.962841636841875959e-01,-1.821758840138303776e-02,8.417829093618274527e-02,-4.565288926775379785e+00,1.465191689176785321e-02,9.989769053724099068e-01,4.278392062398999468e-02,-6.388660031414664653e-01,-8.487158843509150230e-02,-4.139156925511453672e-02,9.955317932999947494e-01,5.375646292759602568e-02,0.000000000000000000e+00,0.000000000000000000e+00,0.000000000000000000e+00,1.000000000000000000e+00
9.959723784108613920e-01,-1.758970153456948168e-02,8.791827934244879350e-02,-4.764862859166544951e+00,1.354533143988686378e-02,9.988316449056768853e-01,4.638824345891493645e-02,-6.395976489029813195e-01,-8.863151493005018422e-02,-4.501052693475956351e-02,9.950469873459542036e-01,5.230426729328477298e-02,0.000000000000000000e+00,0.000000000000000000e+00,0.000000000000000000e+00,1.000000000000000000e+00
9.956457470289596934e-01,-1.697544313269512550e-02,9.165904621800051444e-02,-4.964436791557710116e+00,1.242519833304239762e-02,9.986725474866120500e-01,4.998757188527203771e-02,-6.403292946644960626e-01,-9.238593437060362012e-02,-4.863103152359934261e-02,9.945349978273370084e-01,5.085207165897351334e-02,0.000000000000000000e+00,0.000000000000000000e+00,0.000000000000000000e+00,1.000000000000000000e+00
9.955431990329125513e-01,-1.767770570483426229e-02,9.263496953271999068e-02,-5.002269133268679724e+00,1.289571878675055405e-02,9.985654583463340339e-01,5.196850810393526671e-02,-7.064149296220385565e-01,-9.342076480251990112e-02,-5.054230028984638828e-02,9.943430175674404792e-01,5.707300747557308984e-02,0.000000000000000000e+00,0.000000000000000000e+00,0.000000000000000000e+00,1.000000000000000000e+00
9.954392928494409931e-01,-1.838184350170651155e-02,9.360941235198486088e-02,-5.040101474979649332e+00,1.336417712868621412e-02,9.984542181937794414e-01,5.394972604862869475e-02,-7.725005645795811615e-01,-9.445640804666596835e-02,-5.245266437968385681e-02,9.941462191138658033e-01,6.329394329217266635e-02,0.000000000000000000e+00,0.000000000000000000e+00,0.000000000000000000e+00,1.000000000000000000e+00
9.953340292500199027e-01,-1.908785109569865676e-02,9.458236705363694263e-02,-5.077933816690618940e+00,1.383056965776246518e-02,9.983388277814310152e-01,5.593121031177553104e-02,-8.385861995371236555e-01,-9.549285606715431085e-02,-5.436210890451842470e-02,9.939446038666295280e-01,6.951487910877224285e-02,0.000000000000000000e+00,0.000000000000000000e+00,0.000000000000000000e+00,1.000000000000000000e+00
9.952274090272726914e-01,-1.979572302993184985e-02,9.555382603843838585e-02,-5.115766158401588548e+00,1.429489270492425614e-02,9.982192879263801499e-01,5.791294548117523200e-02,-9.046718344946662604e-01,-9.653010081532405195e-02,-5.627061898960324104e-02,9.937381733007495388e-01,7.573581492537181936e-02,0.000000000000000000e+00,0.000000000000000000e+00,0.000000000000000000e+00,1.000000000000000000e+00
9.951194329949490935e-01,-2.050545381840210638e-02,9.652378173026901487e-02,-5.153598500112558156e+00,1.475714263324455836e-02,9.980955995103055756e-01,5.989491614040292483e-02,-9.707574694522087544e-01,-9.756813422994883855e-02,-5.817817977442402838e-02,9.935269289662065351e-01,8.195675074197139587e-02,0.000000000000000000e+00,0.000000000000000000e+00,0.000000000000000000e+00,1.000000000000000000e+00
9.950101019879061814e-01,-2.121703794612211230e-02,9.749222657632353184e-02,-5.191430841823527764e+00,1.521731583801938341e-02,9.979677634794534846e-01,6.187710686920927516e-02,-1.036843104409751248e+00,-9.860694823744600712e-02,-6.008477641308483663e-02,9.933108724879070595e-01,8.817768655857098625e-02,0.000000000000000000e+00,0.000000000000000000e+00,0.000000000000000000e+00,1.000000000000000000e+00
9.948994168620867162e-01,-2.193046986926399863e-02,9.845915304730751272e-02,-5.229263183534497372e+00,1.567540874686139743e-02,9.978357808446124411e-01,6.385950224392035468e-02,-1.102928739367293742e+00,-9.964653475208579136e-02,-6.199039407469315172e-02,9.930900055656413095e-01,9.439862237517056276e-02,0.000000000000000000e+00,0.000000000000000000e+00,0.000000000000000000e+00,1.000000000000000000e+00
9.947873784944956110e-01,-2.264574401530333389e-02,9.942455363763250120e-02,-5.267095525245466980e+00,1.613141781979242004e-02,9.976996526810870680e-01,6.584208683783772387e-02,-1.169014374324836236e+00,-1.006868856762010989e-01,-6.389501794374451149e-02,9.928643299740382844e-01,1.006195581917701393e-01,0.000000000000000000e+00,0.000000000000000000e+00,0.000000000000000000e+00,1.000000000000000000e+00
9.946739877831780596e-01,-2.336285478316423372e-02,1.003884208656101729e-01,-5.304927866956436588e+00,1.658533954933459967e-02,9.975593801286688489e-01,6.782484522163850782e-02,-1.235100009282378952e+00,-1.017279929003977457e-01,-6.579863322050635843e-02,9.926338475625188229e-01,1.068404940083697158e-01,0.000000000000000000e+00,0.000000000000000000e+00,0.000000000000000000e+00,1.000000000000000000e+00
9.945592456471950005e-01,-2.408179654336550096e-02,1.013507472736457082e-01,-5.342760208667406197e+00,1.703717046060031215e-02,9.974149643916042640e-01,6.980776196377565246e-02,-1.301185644239921446e+00,-1.027698483037651489e-01,-6.770122512140135107e-02,9.923985602552446439e-01,1.130614298249692923e-01,0.000000000000000000e+00,0.000000000000000000e+00,0.000000000000000000e+00,1.000000000000000000e+00
9.962687695990454229e-01,-1.961150729782290200e-02,8.404717427202204605e-02,-4.843935345574071683e+00,1.399315767830549770e-02,9.976600284814208797e-01,6.692278467488106675e-02,-1.321653998876363145e+00,-8.516296295805050875e-02,-6.549699498418119770e-02,9.942119559672615292e-01,7.980173931879086524e-02,0.000000000000000000e+00,0.000000000000000000e+00,0.000000000000000000e+00,1.000000000000000000e+00
9.976580756664383820e-01,-1.517713005570110567e-02,6.669346880175855419e-02,-4.345110482480736280e+00,1.089623474826220510e-02,9.978847068520529939e-01,6.408887500263032999e-02,-1.342122353512804622e+00,-6.752507775522786915e-02,-6.321207601451123148e-02,9.957131099468791158e-01,4.654204881261243820e-02,0.000000000000000000e+00,0.000000000000000000e+00,0.000000000000000000e+00,1.000000000000000000e+00
9.987259211219735588e-01,-1.078092249349151682e-02,4.929813575841314466e-02,-3.846285619387401766e+00,7.747843262854232221e-03,9.980888529407417886e-01,6.130752449910709806e-02,-1.362590708149246321e+00,-4.986487144112423942e-02,-6.084745964807159596e-02,9.969007379125248702e-01,1.328235830643401116e-02,0.000000000000000000e+00,0.000000000000000000e+00,0.000000000000000000e+00,1.000000000000000000e+00
9.994713791637266365e-01,-6.425108955123180754e-03,3.186973811428369524e-02,-3.347460756294066808e+00,4.549478646555596417e-03,9.982723402303801397e-01,5.858017561432058568e-02,-1.383059062785688020e+00,-3.219106206080758065e-02,-5.840421821987604872e-02,9.977738635670521106e-01,-1.997733219974441587e-02,0.000000000000000000e+00,0.000000000000000000e+00,0.000000000000000000e+00,1.000000000000000000e+00
9.998938410972184609e-01,-2.111876711079739739e-03,1.441688290191626282e-02,-2.848635893200731850e+00,1.302687798269067240e-03,9.984350624997431201e-01,5.590821921358473529e-02,-1.403527417422129719e+00,-1.451239264734135309e-02,-5.588350336093115406e-02,9.983318208450325804e-01,-5.323702270592285679e-02,0.000000000000000000e+00,0.000000000000000000e+00,0.000000000000000000e+00,1.000000000000000000e+00
9.999930177340379256e-01,2.156627698096455145e-03,-3.051792939249250210e-03,-2.349811030107397336e+00,-1.990933398461336261e-03,9.985769340239570857e-01,5.329299221770799483e-02,-1.423995772058571196e+00,3.162383179682624629e-03,-5.328654419537447867e-02,9.985742553963322665e-01,-8.649671321210126995e-02,0.000000000000000000e+00,0.000000000000000000e+00,0.000000000000000000e+00,1.000000000000000000e+00
9.997689400009179828e-01,6.378302021094497433e-03,-2.052763680428200746e-02,-1.850986167014062378e+00,-5.329742688963940746e-03,9.986978897244297437e-01,5.073577537438539453e-02,-1.444464126695012895e+00,2.082451565607821783e-02,-5.061464534399463810e-02,9.985011252995117381e-01,-1.197564037182796831e-01,0.000000000000000000e+00,0.000000000000000000e+00,0.000000000000000000e+00,1.000000000000000000e+00
9.992219587566999461e-01,1.055109174553295684e-02,-3.800199470292694309e-02,-1.352161303920727420e+00,-8.712054175696672814e-03,9.987978852676928643e-01,4.823779116858890881e-02,-1.464932481331454595e+00,3.846527330545913143e-02,-4.786918474093761200e-02,9.981127010021335622e-01,-1.530160942244581102e-01,0.000000000000000000e+00,0.000000000000000000e+00,0.000000000000000000e+00,1.000000000000000000e+00
9.983527438182725477e-01,1.467299342618536180e-02,-5.546622552907114895e-02,-8.533364408273929058e-01,-1.213614115173592377e-02,9.988768971128413332e-01,4.580020187911074125e-02,-1.485400835967896072e+00,5.607595731212981077e-02,-4.505161127126618148e-02,9.974095644886261658e-01,-1.862757847306365511e-01,0.000000000000000000e+00,0.000000000000000000e+00,0.000000000000000000e+00,1.000000000000000000e+00
9.971622822002292885e-01,1.874205788042856632e-02,-7.291171527016078457e-02,-3.545115777340573926e-01,-1.560023902951190693e-02,9.989349225074983796e-01,4.342410778773046071e-02,-1.505869190604337771e+00,7.364791578485045676e-02,-4.216344223785583462e-02,9.963926076799258791e-01,-2.195354752368149365e-01,0.000000000000000000e+00,0.000000000000000000e+00,0.000000000000000000e+00,1.000000000000000000e+00
9.966162039352870483e-01,1.819842448415742373e-02,-8.015584445262020907e-02,-1.125917292668176528e-01,-1.467667805397005962e-02,9.989100878807021244e-01,4.430836773644568349e-02,-1.528101793343882076e+00,8.087482411058673215e-02,-4.298201573289003874e-02,9.957970722735728364e-01,-2.025994590341503310e-01,0.000000000000000000e+00,0.000000000000000000e+00,0.000000000000000000e+00,1.000000000000000000e+00
9.960169995906503759e-01,1.766069147309324780e-02,-8.739700511533990412e-02,1.293281192004220870e-01,-1.374661795510870657e-02,9.988840072837819051e-01,4.518595453777645571e-02,-1.550334396083426380e+00,8.809748589622079518e-02,-4.380456562261437342e-02,9.951482266523814513e-01,-1.856634428314857255e-01,0.000000000000000000e+00,0.000000000000000000e+00,0.000000000000000000e+00,1.000000000000000000e+00
9.953647026448154689e-01,1.712890408202821790e-02,-9.463460980923814325e-02,3.712479676676617713e-01,-1.281013223448978014e-02,9.988566824762533658e-01,4.605679520622377177e-02,-1.572566998822970463e+00,9.531531482890333307e-02,-4.463102639960039864e-02,9.944461082640855265e-01,-1.687274266288211200e-01,0.000000000000000000e+00,0.000000000000000000e+00,0.000000000000000000e+00,1.000000000000000000e+00
9.946593551895541729e-01,1.660310659706306508e-02,-1.018680714710305524e-01,6.131678161349015665e-01,-1.186729545861682326e-02,9.988281154197984346e-01,4.692081782569192117e-02,-1.594799601562514768e+00,1.025277251888401242e-01,-4.546133190152304437e-02,9.936907632001724666e-01,-1.517914104261565145e-01,0.000000000000000000e+00,0.000000000000000000e+00,0.000000000000000000e+00,1.000000000000000000e+00
9.939010079214530835e-01,1.608334234332738436e-02,-1.090968035818958293e-01,8.550876646021413618e-01,-1.091818323915787203e-02,9.987983082778025823e-01,4.777795156927032438e-02,-1.617032204302059073e+00,1.097341320076647697e-01,-4.629541532880659949e-02,9.928822461863529014e-01,-1.348553942234919090e-01,0.000000000000000000e+00,0.000000000000000000e+00,0.000000000000000000e+00,1.000000000000000000e+00
9.930897201299675459e-01,1.556965367308534021e-02,-1.163202203259722373e-01,1.097007513069380824e+00,-9.962872212738636823e-03,9.987672634148128115e-01,4.862812671858059849e-02,-1.639264807041603378e+00,1.169339512265585995e-01,-4.713320926253453808e-02,9.920206205695316637e-01,-1.179193780208273035e-01,0.000000000000000000e+00,0.000000000000000000e+00,0.000000000000000000e+00,1.000000000000000000e+00
9.922255596819902213e-01,1.506208195423341771e-02,-1.235377367485952782e-01,1.338927361536620619e+00,-9.001440020317190080e-03,9.987349833959114909e-01,4.947127468267766698e-02,-1.661497409781147683e+00,1.241265998540276860e-01,-4.797464568261310819e-02,9.911059583012836738e-01,-1.009833618181626980e-01,0.000000000000000000e+00,0.000000000000000000e+00,0.000000000000000000e+00,1.000000000000000000e+00
9.913086030029473195e-01,1.456066755919688260e-02,-1.307487689141862697e-01,1.580847210003860415e+00,-8.033965286151918683e-03,9.987014709860105866e-01,5.030732801649426961e-02,-1.683730012520691766e+00,1.313114961232474676e-01,-4.881965598617830221e-02,9.901383399178446121e-01,-8.404734561549809246e-02,0.000000000000000000e+00,0.000000000000000000e+00,0.000000000000000000e+00,1.000000000000000000e+00
9.903389350544323788e-01,1.406544985423123680e-02,-1.379527340637029253e-01,1.822767058471100210e+00,-7.060527596374646317e-03,9.986667291490656240e-01,5.113622043881846380e-02,-1.705962615260236070e+00,1.384880596488861915e-01,-4.966817100623607817e-02,9.891178545166302571e-01,-6.711132941283348696e-02,0.000000000000000000e+00,0.000000000000000000e+00,0.000000000000000000e+00,1.000000000000000000e+00
9.893166493083883628e-01,1.357646718913452580e-02,-1.451490507715621492e-01,2.064686906938340005e+00,-6.081207477181195531e-03,9.986307610472068275e-01,5.195788684979395916e-02,-1.728195217999780375e+00,1.456557115833177485e-01,-5.052012103052475750e-02,9.880445997292928162e-01,-5.017531321016889534e-02,0.000000000000000000e+00,0.000000000000000000e+00,0.000000000000000000e+00,1.000000000000000000e+00
9.887469379928502944e-01,1.752133798839292100e-02,-1.485681504389795293e-01,2.244479549009176900e+00,-9.760412223034971996e-03,9.985570225717590453e-01,5.280726300292466757e-02,-1.749974202312541749e+00,1.492790238546567450e-01,-5.076293320642658036e-02,9.874912139605500627e-01,-4.333301226334473205e-02,0.000000000000000000e+00,0.000000000000000000e+00,0.000000000000000000e+00,1.000000000000000000e+00
9.881500843641681797e-01,2.146698393358758769e-02,-1.519821679404612380e-01,2.424272191080014238e+00,-1.343653704395407836e-02,9.984683555204183492e-01,5.366938136980882457e-02,-1.771753186625303345e+00,1.529015050395316211e-01,-5.099128969879684892e-02,9.869250316672991685e-01,-3.649071131652057570e-02,0.000000000000000000e+00,0.000000000000000000e+00,0.000000000000000000e+00,1.000000000000000000e+00
9.875261092548651698e-01,2.541324134964439985e-02,-1.553909608183595137e-01,2.604064833150851133e+00,-1.710942889285734653e-02,9.983647614048922758e-01,5.454420801435111432e-02,-1.793532170938064940e+00,1.565230046443923939e-01,-5.120517892808568172e-02,9.863460744931438207e-01,-2.964841036969641241e-02,0.000000000000000000e+00,0.000000000000000000e+00,0.000000000000000000e+00,1.000000000000000000e+00
9.868750357526497874e-01,2.935994648354484787e-02,-1.587943870251396494e-01,2.783857475221688027e+00,-2.077893496566389497e-02,9.982462429764397127e-01,5.543170793973280219e-02,-1.815311155250826314e+00,1.601433722321943809e-01,-5.140459051394639933e-02,9.857543651458990919e-01,-2.280610942287225260e-02,0.000000000000000000e+00,0.000000000000000000e+00,0.000000000000000000e+00,1.000000000000000000e+00
9.861968891976106155e-01,3.330693552697162191e-02,-1.621923049431061026e-01,2.963650117292525366e+00,-2.444490272247921633e-02,9.981128042257039201e-01,5.633184509307085502e-02,-1.837090139563587687e+00,1.637624574432244295e-01,-5.158951527687926503e-02,9.851499273946339175e-01,-1.596380847604809278e-02,0.000000000000000000e+00,0.000000000000000000e+00,0.000000000000000000e+00,1.000000000000000000e+00
9.854916971789455804e-01,3.725404463896959256e-02,-1.655845734040439776e-01,3.143442759363362260e+00,-2.810717990873002475e-02,9.979644503822912016e-01,5.724458237029721869e-02,-1.858869123876349283e+00,1.673801100159151289e-01,-5.175994523962636901e-02,9.845327860664930819e-01,-9.121507529223929489e-03,0.000000000000000000e+00,0.000000000000000000e+00,0.000000000000000000e+00,1.000000000000000000e+00
9.847594895312191676e-01,4.120110996861522934e-02,-1.689710517087671671e-01,3.323235401434199154e+00,-3.176561457624149654e-02,9.978011879140867846e-01,5.816988162125633077e-02,-1.880648108189110879e+00,1.709961798076391759e-01,-5.191587362831695529e-02,9.839029670432964947e-01,-2.279206582399773140e-03,0.000000000000000000e+00,0.000000000000000000e+00,0.000000000000000000e+00,1.000000000000000000e+00
9.840002983301593398e-01,4.514796767768834013e-02,-1.723515996465706246e-01,3.503028043505036493e+00,-3.542005510425113440e-02,9.976230245263197904e-01,5.910770365502014678e-02,-1.902427092501872252e+00,1.746105168154804266e-01,-5.205729487336310801e-02,9.832604972579233049e-01,4.563094364424390148e-03,0.000000000000000000e+00,0.000000000000000000e+00,0.000000000000000000e+00,1.000000000000000000e+00
9.832141578879862731e-01,4.909445396333907835e-02,-1.757260775145786658e-01,3.682820685575873831e+00,-3.907035022035270505e-02,9.974299691603678575e-01,6.005800824541845939e-02,-1.924206076814633626e+00,1.782229711969731401e-01,-5.218420461010540856e-02,9.826054046904758588e-01,1.140539531124855344e-02,0.000000000000000000e+00,0.000000000000000000e+00,0.000000000000000000e+00,1.000000000000000000e+00
9.824011047482776871e-01,5.304040508074395199e-02,-1.790943461369851886e-01,3.862613327646710726e+00,-4.271634902136459133e-02,9.972220319923057463e-01,6.102075413678320626e-02,-1.945985061127395221e+00,1.818333932908051953e-01,-5.229659967920831376e-02,9.819377183642270523e-01,1.824769625807271325e-02,0.000000000000000000e+00,0.000000000000000000e+00,0.000000000000000000e+00,1.000000000000000000e+00
9.842972649984413902e-01,4.621205192639950970e-02,-1.703623795717232048e-01,3.637510776650452193e+00,-3.793994311177429496e-02,9.979521875100701989e-01,5.149749664344103334e-02,-1.589834375753475859e+00,1.723933143519883193e-01,-4.422530611106775117e-02,9.840348913865397673e-01,6.036075273968614929e-02,0.000000000000000000e+00,0.000000000000000000e+00,0.000000000000000000e+00,1.000000000000000000e+00
9.860760588013863792e-01,3.945167198018213056e-02,-1.615474290624659692e-01,3.412408225654193661e+00,-3.306920194691973652e-02,9.985697991487552105e-01,4.200933361299824531e-02,-1.233683690379556275e+00,1.629737222417105003e-01,-3.608215356630554982e-02,9.859704072905529637e-01,1.024738092212995888e-01,0.000000000000000000e+00,0.000000000000000000e+00,0.000000000000000000e+00,1.000000000000000000e+00
9.877368294379509361e-01,3.276136423653717294e-02,-1.526520513626496989e-01,3.187305674657935128e+00,-2.810548737830182581e-02,9.990745635248236001e-01,3.255914766868335530e-02,-8.775330050056369124e-01,1.535774636823131756e-01,-2.786950898462251663e-02,9.877435158571599150e-01,1.445868657029130144e-01,0.000000000000000000e+00,0.000000000000000000e+00,0.000000000000000000e+00,1.000000000000000000e+00
9.892789902089191845e-01,2.614318816870607465e-02,-1.436788545458120292e-01,2.962203123661676596e+00,-2.305021867085619430e-02,9.994662445933701900e-01,2.314980210824659976e-02,-5.213823196317175501e-01,1.442073748129640287e-01,-1.958978383752340083e-02,9.893535634032720738e-01,1.866999221845264678e-01,0.000000000000000000e+00,0.000000000000000000e+00,0.000000000000000000e+00,1.000000000000000000e+00
9.907020251092243379e-01,1.959916161992362321e-02,-1.346304954617555949e-01,2.737100572665418063e+00,-1.790487115550098290e-02,9.997446739683306660e-01,1.378413801660390188e-02,-1.652316342577981878e-01,1.348662783403864474e-01,-1.124543177259053860e-02,9.907999935561471183e-01,2.288129786661399212e-01,0.000000000000000000e+00,0.000000000000000000e+00,0.000000000000000000e+00,1.000000000000000000e+00
9.920054893969252330e-01,1.313125875452456764e-02,-1.255096771165010172e-01,2.511998021669159531e+00,-1.267097479597600190e-02,9.999097511415928619e-01,4.464971408332693917e-03,1.909190511161213966e-01,1.255569807063166010e-01,-2.838946191672082030e-03,9.920823478826916730e-01,2.709260351477533191e-01,0.000000000000000000e+00,0.000000000000000000e+00,0.000000000000000000e+00,1.000000000000000000e+00
9.931890100556564072e-01,6.741408073324127968e-03,-1.163191459814495454e-01,2.286895470672900998e+00,-7.350112672892063041e-03,9.999614436004466977e-01,-4.804909593949698889e-03,5.470697364900407589e-01,1.162822692776531719e-01,5.627142232000062298e-03,9.932002663722658831e-01,3.130390916293667725e-01,0.000000000000000000e+00,0.000000000000000000e+00,0.000000000000000000e+00,1.000000000000000000e+00
9.942522861495410869e-01,4.314904974607545324e-04,-1.070616892373797702e-01,2.061792919676642466e+00,-1.943919388143630633e-03,9.998997868430908875e-01,-1.402274753938990981e-02,9.032204218639601212e-01,1.070449095652057370e-01,1.415026809257222476e-02,9.941534877719260255e-01,3.551521481109802258e-01,0.000000000000000000e+00,0.000000000000000000e+00,0.000000000000000000e+00,1.000000000000000000e+00
9.951950890698610941e-01,-5.796662475302414783e-03,-9.774013195908311247e-02,1.836690368680383934e+00,3.545920606939537839e-03,9.997248842921985235e-01,-2.318581838106662310e-02,1.259371107237879484e+00,9.784764247686726646e-02,2.272783384086451627e-02,9.949418497734535682e-01,3.972652045925936792e-01,0.000000000000000000e+00,0.000000000000000000e+00,0.000000000000000000e+00,1.000000000000000000e+00
