9.999650626471667803e-01,-2.891000943042344642e-03,-7.843188037736538790e-03,-7.190933015092505765e-02,3.147809150572386701e-03,9.994526852132318284e-01,3.293055295029261031e-02,1.303437788546230221e-02,7.743693085313880370e-03,-3.295409130302003053e-02,9.994268673013513293e-01,-1.921022988131574349e-01,0.000000000000000000e+00,0.000000000000000000e+00,0.000000000000000000e+00,1.000000000000000000e+00
9.997394475705084771e-01,-2.001102859919469748e-02,1.098160761530685842e-02,3.292065585096606295e+00,1.882097161473881772e-02,9.948639758721276039e-01,9.945572150147929946e-02,2.487770433455261720e+00,-1.291541710095146095e-02,-9.922312354640336340e-02,9.949813886474477842e-01,9.279036100166747625e-01,0.000000000000000000e+00,0.000000000000000000e+00,0.000000000000000000e+00,1.000000000000000000e+00
9.997711549475949422e-01,-1.937208895401487316e-02,9.075235771566993528e-03,3.000916476999686555e+00,1.837940246413761677e-02,9.949177823654919983e-01,9.899900958086674252e-02,2.498592533724331322e+00,-1.094693106825134037e-02,-9.880955673662861205e-02,9.950461477729048987e-01,9.390066926737675734e-01,0.000000000000000000e+00,0.000000000000000000e+00,0.000000000000000000e+00,1.000000000000000000e+00
9.997988058126519029e-01,-1.873393199036782128e-02,7.168520612729503694e-03,2.709767368902767259e+00,1.793692164545406323e-02,9.949711155618615743e-01,9.854311766668126527e-02,2.509414633993400923e+00,-8.978571015462094573e-03,-9.839471017165922484e-02,9.951069622270538595e-01,9.501097753308603844e-01,0.000000000000000000e+00,0.000000000000000000e+00,0.000000000000000000e+00,1.000000000000000000e+00
9.998223998988794436e-01,-1.809656179419357261e-02,5.261474287114663133e-03,2.418618260805847520e+00,1.749353195931657376e-02,9.950239751106573216e-01,9.808804868369183638e-02,2.520236734262470080e+00,-7.010349494383641585e-03,-9.797858646773213720e-02,9.951638315341607699e-01,9.612128579879531953e-01,0.000000000000000000e+00,0.000000000000000000e+00,0.000000000000000000e+00,1.000000000000000000e+00
9.998419369911974997e-01,-1.745998244150446729e-02,3.354108947575163910e-03,2.127469152708927780e+00,1.704923621801367542e-02,9.950763606673305173e-01,9.763380554624899454e-02,2.531058834531539681e+00,-5.042279055369594531e-03,-9.756118825743538558e-02,9.952167552687830598e-01,9.723159406450460063e-01,0.000000000000000000e+00,0.000000000000000000e+00,0.000000000000000000e+00,1.000000000000000000e+00
9.998574169262528510e-01,-1.682419799829831808e-02,1.446436751237985393e-03,1.836320044612008484e+00,1.660403724543464687e-02,9.951282718933709415e-01,9.718039115822277307e-02,2.541880934800609282e+00,-3.074372247060537522e-03,-9.714251818965277674e-02,9.952657330557800330e-01,9.834190233021389282e-01,0.000000000000000000e+00,0.000000000000000000e+00,0.000000000000000000e+00,1.000000000000000000e+00
9.998688395924218986e-01,-1.618921252047178169e-02,-4.615301407539009197e-04,1.545170936515088744e+00,1.615793787700961145e-02,9.951797084563130946e-01,9.672780841294063847e-02,2.552703035069678883e+00,-1.106641616117305616e-03,-9.672257892950771041e-02,9.953107645703219708e-01,9.945221059592317392e-01,0.000000000000000000e+00,0.000000000000000000e+00,0.000000000000000000e+00,1.000000000000000000e+00
9.998762049298142163e-01,-1.555503005373415175e-02,-2.369779563499950070e-03,1.254021828418169449e+00,1.571094095964938042e-02,9.952306700297434139e-01,9.627606019312595631e-02,2.563525135338748484e+00,8.609002930456555050e-04,-9.630137315830666900e-02,9.953518495378957942e-01,1.005625188616324550e+00,0.000000000000000000e+00,0.000000000000000000e+00,0.000000000000000000e+00,1.000000000000000000e+00
9.998795129302738838e-01,-1.492165463352144485e-02,-4.278299348600570449e-03,9.628727203212497088e-01,1.526304935168489897e-02,9.952811562933083778e-01,9.582514937083702611e-02,2.574347235607817641e+00,2.828240938526848346e-03,-9.587890357348222148e-02,9.953889877343131687e-01,1.016728271273417361e+00,0.000000000000000000e+00,0.000000000000000000e+00,0.000000000000000000e+00,1.000000000000000000e+00
9.998787636373779319e-01,-1.428909028491077288e-02,-6.187077324415778991e-03,6.717236122243299690e-01,1.481426592280629326e-02,9.953311669327198352e-01,9.537507880740593580e-02,2.585169335876887242e+00,4.795367781204223738e-03,-9.545517288853537508e-02,9.954221789857120584e-01,1.027831353930510172e+00,0.000000000000000000e+00,0.000000000000000000e+00,0.000000000000000000e+00,1.000000000000000000e+00
9.998739571464345666e-01,-1.365734102253510392e-02,-8.096101316323940644e-03,3.805745041274105067e-01,1.436459355400160516e-02,9.953807016397618890e-01,9.492585135337817948e-02,2.595991436145956843e+00,6.762268285001562379e-03,-9.503018383297746896e-02,9.954514231685603898e-01,1.038934436587602983e+00,0.000000000000000000e+00,0.000000000000000000e+00,0.000000000000000000e+00,1.000000000000000000e+00
9.998641062657844802e-01,-1.408614971195430027e-02,-8.564425702668807330e-03,2.465273261228830837e-01,1.483063181376385875e-02,9.954442498175301024e-01,9.418491315077714976e-02,2.583492936306371224e+00,7.198705531461862053e-03,-9.429912985551494597e-02,9.955178816812705334e-01,1.020512391193313384e+00,0.000000000000000000e+00,0.000000000000000000e+00,0.000000000000000000e+00,1.000000000000000000e+00
9.998538499560449822e-01,-1.451530016159943877e-02,-9.032429866493482673e-03,1.124801481183556606e-01,1.529634297670864722e-02,9.955070547604797371e-01,9.344370398081382201e-02,2.570994436466785160e+00,7.635484242230364781e-03,-9.356821032452065923e-02,9.955835923703507673e-01,1.002090345799023563e+00,0.000000000000000000e+00,0.000000000000000000e+00,0.000000000000000000e+00,1.000000000000000000e+00
9.998431882298287610e-01,-1.494479176071384849e-02,-9.500113138284438721e-03,-2.156702988617176242e-02,1.576172637656056766e-02,9.955691163752663497e-01,9.270222489995427750e-02,2.558495936627199541e+00,8.072603795662219514e-03,-9.283742628380090012e-02,9.956485551382867616e-01,9.836683004047339640e-01,0.000000000000000000e+00,0.000000000000000000e+00,0.000000000000000000e+00,1.000000000000000000e+00
9.998321211009045806e-01,-1.537462389756363498e-02,-9.967474849440246046e-03,-1.556142078906991855e-01,1.622678134797595276e-02,9.956304345706660230e-01,9.196047696544111527e-02,2.545997436787613921e+00,8.510063569136154873e-03,-9.210677877678120906e-02,9.957127698896977019e-01,9.652462550104443650e-01,0.000000000000000000e+00,0.000000000000000000e+00,0.000000000000000000e+00,1.000000000000000000e+00
9.998206485841999447e-01,-1.580479595944055821e-02,-1.043451433227476390e-02,-2.896613858952265530e-01,1.669150722654603319e-02,9.956910092575772531e-01,9.121846123528835892e-02,2.533498936948028302e+00,8.947862939057442053e-03,-9.137626884650136561e-02,9.957762365313383990e-01,9.468242096161546550e-01,0.000000000000000000e+00,0.000000000000000000e+00,0.000000000000000000e+00,1.000000000000000000e+00
9.998087706957979881e-01,-1.623530733266497633e-02,-1.090123092002032515e-02,-4.237085638997540316e-01,1.715590334880011392e-02,9.957508403490192839e-01,9.047617876827633576e-02,2.521000437108442238e+00,9.386001280860842982e-03,-9.064589753561043406e-02,9.958389549720978451e-01,9.284021642218649450e-01,0.000000000000000000e+00,0.000000000000000000e+00,0.000000000000000000e+00,1.000000000000000000e+00
9.997964874529394752e-01,-1.666615740258874101e-02,-1.136762394683089178e-02,-5.577557419042815656e-01,1.761996905220872267e-02,9.958099277601345500e-01,8.973363062394676404e-02,2.508501937268856619e+00,9.824477969013593187e-03,-8.991566588636179524e-02,9.959009251230006576e-01,9.099801188275753461e-01,0.000000000000000000e+00,0.000000000000000000e+00,0.000000000000000000e+00,1.000000000000000000e+00
9.997837988740226889e-01,-1.709734555359812905e-02,-1.183369274778525888e-02,-6.918029199088089332e-01,1.808370367518677066e-02,9.958682714081890097e-01,8.899081786259765980e-02,2.496003437429270999e+00,1.026329237701838031e-02,-8.918557494060827540e-02,9.959621468972088554e-01,8.915580734332856361e-01,0.000000000000000000e+00,0.000000000000000000e+00,0.000000000000000000e+00,1.000000000000000000e+00
9.997707049786018763e-01,-1.752887116911677062e-02,-1.229943665889015984e-02,-8.258500979133363007e-01,1.854710655709667505e-02,9.959258712125704793e-01,8.824774154527832704e-02,2.483504937589684936e+00,1.070244387741631047e-02,-8.845562573979705301e-02,9.960226202100190829e-01,8.731360280389960371e-01,0.000000000000000000e+00,0.000000000000000000e+00,0.000000000000000000e+00,1.000000000000000000e+00
9.997572057873886919e-01,-1.796073363160861219e-02,-1.276485501708347556e-02,-9.598972759178636682e-01,1.901017703825152311e-02,9.959827270947915201e-01,8.750440273378426448e-02,2.471006437750099316e+00,1.114193184178992671e-02,-8.772581932496487100e-02,9.960823449788659412e-01,8.547139826447063271e-01,0.000000000000000000e+00,0.000000000000000000e+00,0.000000000000000000e+00,1.000000000000000000e+00
9.997439412946659276e-01,-1.730994327177147116e-02,-1.457455688986099632e-02,-1.136935795857043185e+00,1.852309726472853649e-02,9.959753752614429745e-01,8.769234140191145555e-02,2.489395669175453740e+00,1.299795031261264874e-02,-8.793985294936557118e-02,9.960409808591788039e-01,8.505776338018455895e-01,0.000000000000000000e+00,0.000000000000000000e+00,0.000000000000000000e+00,1.000000000000000000e+00
9.997269863102112852e-01,-1.665875478223524664e-02,-1.638409998162417350e-02,-1.313974315796222481e+00,1.803635899082899063e-02,9.959676659409604227e-01,8.788115926903443398e-02,2.507784900600808164e+00,1.485404313500015595e-02,-8.815267601848970902e-02,9.959962164151642261e-01,8.464412849589849630e-01,0.000000000000000000e+00,0.000000000000000000e+00,0.000000000000000000e+00,1.000000000000000000e+00
9.997063408566312370e-01,-1.600717180051853400e-02,-1.819347415953453603e-02,-1.491012835735401998e+00,1.754996494797920331e-02,9.959595991694962791e-01,8.807085529538667690e-02,2.526174132026162589e+00,1.671019992009874569e-02,-8.836428731724667307e-02,9.959480518307897157e-01,8.423049361161243365e-01,0.000000000000000000e+00,0.000000000000000000e+00,0.000000000000000000e+00,1.000000000000000000e+00
9.996820049978504263e-01,-1.535519796863809086e-02,-2.000266929241786840e-02,-1.668051355674581515e+00,1.706391786381267553e-02,9.959511749872056452e-01,8.826142843134651694e-02,2.544563363451517013e+00,1.856641027810596728e-02,-8.857468564408557676e-02,9.958964873280941044e-01,8.381685872732635989e-01,0.000000000000000000e+00,0.000000000000000000e+00,0.000000000000000000e+00,1.000000000000000000e+00
9.996539788391118897e-01,-1.470283693304096431e-02,-2.181167525095328852e-02,-1.845089875613761032e+00,1.657822046211908720e-02,9.959423934382454213e-01,8.845287761745657118e-02,2.562952594876871437e+00,2.042266381846446349e-02,-8.878386981101793474e-02,9.958415231671846612e-01,8.340322384304028613e-01,0.000000000000000000e+00,0.000000000000000000e+00,0.000000000000000000e+00,1.000000000000000000e+00
9.996222625269758355e-01,-1.405009234453652098e-02,-2.362048190786228408e-02,-2.022128395552940106e+00,1.609287546279342812e-02,9.959332545707739737e-01,8.864520178444341980e-02,2.581341826302225861e+00,2.227895015005586926e-02,-8.899183864364003382e-02,9.957831596462332069e-01,8.298958895875422348e-01,0.000000000000000000e+00,0.000000000000000000e+00,0.000000000000000000e+00,1.000000000000000000e+00
9.995868562493175347e-01,-1.339696785822836952e-02,-2.542907913809772102e-02,-2.199166915492119845e+00,1.560788558178524688e-02,9.959237584369509122e-01,8.883839985323734034e-02,2.599731057727580286e+00,2.413525888139468611e-02,-8.919859098115494322e-02,9.957213971014705622e-01,8.257595407446816083e-01,0.000000000000000000e+00,0.000000000000000000e+00,0.000000000000000000e+00,1.000000000000000000e+00
9.995477602353226576e-01,-1.274346713344609409e-02,-2.723745681903274804e-02,-2.376205435431299584e+00,1.512325353104795704e-02,9.959139050929344261e-01,8.903247073499268027e-02,2.618120289152934710e+00,2.599157962082219650e-02,-8.940412567639405284e-02,9.956562359071799984e-01,8.216231919018208707e-01,0.000000000000000000e+00,0.000000000000000000e+00,0.000000000000000000e+00,1.000000000000000000e+00
9.995049747554827224e-01,-1.208959383367692528e-02,-2.904560483064961077e-02,-2.553243955370478879e+00,1.463898201848829253e-02,9.959036945988811729e-01,8.922741333110817408e-02,2.636509520578289134e+00,2.784790197670035730e-02,-8.960844159583830626e-02,9.955876764756889097e-01,8.174868430589601331e-01,0.000000000000000000e+00,0.000000000000000000e+00,0.000000000000000000e+00,1.000000000000000000e+00
9.994585001215900988e-01,-1.143535162649731741e-02,-3.085351305572849728e-02,-2.730282475309658174e+00,1.415507374791591215e-02,9.958931270189460561e-01,8.942322653324780157e-02,2.654898752003643558e+00,2.970421555760571763e-02,-8.981153761963914239e-02,9.955157192573623748e-01,8.133504942160995066e-01,0.000000000000000000e+00,0.000000000000000000e+00,0.000000000000000000e+00,1.000000000000000000e+00
9.994052732649444382e-01,-1.150857301841644482e-02,-3.250619198401315940e-02,-2.871304496910379367e+00,1.436472836893136658e-02,9.959239940685924442e-01,8.904522793136648851e-02,2.599954001276827409e+00,3.134891304508918147e-02,-8.945921297184528109e-02,9.954970089685600820e-01,7.916280708979521741e-01,0.000000000000000000e+00,0.000000000000000000e+00,0.000000000000000000e+00,1.000000000000000000e+00
9.993493019680222966e-01,-1.158237948103086300e-02,-3.415876375959923245e-02,-3.012326518511100559e+00,1.457375919424712916e-02,9.959547137571811426e-01,8.866686916655876216e-02,2.545009250550011259e+00,3.299360845640882806e-02,-8.910699540669601848e-02,9.954754467944532115e-01,7.699056475798048416e-01,0.000000000000000000e+00,0.000000000000000000e+00,0.000000000000000000e+00,1.000000000000000000e+00
9.992905864310190900e-01,-1.165677070450444122e-02,-3.581122124547718444e-02,-3.153348540111821308e+00,1.478216531189366356e-02,9.959852859498449229e-01,8.828815186703994899e-02,2.490064499823195110e+00,3.463829469015120011e-02,-8.875488644659668136e-02,9.954510327850435436e-01,7.481832242616575090e-01,0.000000000000000000e+00,0.000000000000000000e+00,0.000000000000000000e+00,1.000000000000000000e+00
9.992291268778323854e-01,-1.173174637394599866e-02,-3.746355730550121610e-02,-3.294370561712542500e+00,1.498994581528038418e-02,9.960157105129887611e-01,8.790907766414976510e-02,2.435119749096378960e+00,3.628296464485952777e-02,-8.840288761304102017e-02,9.954237670149613804e-01,7.264608009435101765e-01,0.000000000000000000e+00,0.000000000000000000e+00,0.000000000000000000e+00,1.000000000000000000e+00
9.991649235560571274e-01,-1.180730616941372442e-02,-3.911576480449188015e-02,-3.435392583313263692e+00,1.519709980320874988e-02,9.960459873142899490e-01,8.752964819232859905e-02,2.380174998369563255e+00,3.792761121913577199e-02,-8.805100042658926818e-02,9.953936495834635467e-01,7.047383776253628440e-01,0.000000000000000000e+00,0.000000000000000000e+00,0.000000000000000000e+00,1.000000000000000000e+00
9.990979767369848608e-01,-1.188344976591973294e-02,-4.076783660833888795e-02,-3.576414604913984885e+00,1.540362637988532644e-02,9.960761162227019794e-01,8.714986508909425278e-02,2.325230247642746662e+00,3.957222731174295932e-02,-8.769922640684632564e-02,9.953606806144336128e-01,6.830159543072155115e-01,0.000000000000000000e+00,0.000000000000000000e+00,0.000000000000000000e+00,1.000000000000000000e+00
9.990282867155978463e-01,-1.196017683343473387e-02,-4.241976558410372883e-02,-3.717436626514706077e+00,1.560952465493468597e-02,9.961060971084549909e-01,8.676972999501830763e-02,2.270285496915930956e+00,4.121680582170731549e-02,-8.734756707243976348e-02,9.953248602563794512e-01,6.612935309890681790e-01,0.000000000000000000e+00,0.000000000000000000e+00,0.000000000000000000e+00,1.000000000000000000e+00
9.989558538105657304e-01,-1.203748703689278519e-02,-4.407154460012234487e-02,-3.858458648115426826e+00,1.581479374341220392e-02,9.961359298430582099e-01,8.638924455370250444e-02,2.215340746189114807e+00,4.286133964842052391e-02,-8.699602394099817393e-02,9.952861886824313498e-01,6.395711076709208465e-01,0.000000000000000000e+00,0.000000000000000000e+00,0.000000000000000000e+00,1.000000000000000000e+00
9.988806783642401044e-01,-1.211538003619617998e-02,-4.572316652610776411e-02,-3.999480669716148462e+00,1.601943276581673653e-02,9.961656142993015051e-01,8.600841041175504020e-02,2.160395995462298657e+00,4.450582169174185920e-02,-8.664459852912907711e-02,9.952446660903383480e-01,6.178486843527735140e-01,0.000000000000000000e+00,0.000000000000000000e+00,0.000000000000000000e+00,1.000000000000000000e+00
9.988027607426499532e-01,-1.219385548622043194e-02,-4.737462423325267125e-02,-4.140502691316869210e+00,1.622344084810319054e-02,9.961951503512577188e-01,8.562722921876687876e-02,2.105451244735482508e+00,4.615024485210036942e-02,-8.629329235239734108e-02,9.952002927024664602e-01,5.961262610346261814e-01,0.000000000000000000e+00,0.000000000000000000e+00,0.000000000000000000e+00,1.000000000000000000e+00
9.988127412535954264e-01,-1.206643458807026524e-02,-4.719649421101212300e-02,-4.081355223053614978e+00,1.601930283177373585e-02,9.963122119476648386e-01,8.429328716294914869e-02,2.065790197461354616e+00,4.600532410778349762e-02,-8.494926415386599983e-02,9.953226274296462783e-01,6.184366267178031951e-01,0.000000000000000000e+00,0.000000000000000000e+00,0.000000000000000000e+00,1.000000000000000000e+00
9.988226685778808234e-01,-1.193877244977499530e-02,-4.701853302000574136e-02,-4.022207754790360745e+00,1.581535804209541901e-02,9.964274452631727286e-01,8.295915125112658661e-02,2.026129150187226724e+00,4.586012630773277782e-02,-8.360509576993176151e-02,9.954431358828788046e-01,6.407469924009800977e-01,0.000000000000000000e+00,0.000000000000000000e+00,0.000000000000000000e+00,1.000000000000000000e+00
9.988325426872496360e-01,-1.181086942565914497e-02,-4.684074115910186881e-02,-3.963060286527106513e+00,1.561160705077243790e-02,9.965408499579451185e-01,8.162482520893281357e-02,1.986468102913098832e+00,4.571465185491651456e-02,-8.226079095478351644e-02,9.955618177076085429e-01,6.630573580841571113e-01,0.000000000000000000e+00,0.000000000000000000e+00,0.000000000000000000e+00,1.000000000000000000e+00
9.988423635537417855e-01,-1.168272587139723706e-02,-4.666311912622821828e-02,-3.903912818263852280e+00,1.540805042843242448e-02,9.966524257023597899e-01,8.029031276310553966e-02,1.946807055638970940e+00,4.556890115385341805e-02,-8.091635346341437274e-02,9.956786725594830578e-01,6.853677237673341249e-01,0.000000000000000000e+00,0.000000000000000000e+00,0.000000000000000000e+00,1.000000000000000000e+00
9.988521311496952881e-01,-1.155434214401052789e-02,-4.648566741836725191e-02,-3.844765350000598048e+00,1.520468874462116080e-02,9.967621721770123511e-01,7.895561764145185568e-02,1.907146008364843048e+00,4.542287461060889875e-02,-7.957178705158692023e-02,9.957937001043568603e-01,7.076780894505110275e-01,0.000000000000000000e+00,0.000000000000000000e+00,0.000000000000000000e+00,1.000000000000000000e+00
9.988618454477452557e-01,-1.142571860186365751e-02,-4.630838653155150419e-02,-3.785617881737343815e+00,1.500152256779723262e-02,9.968700890727192343e-01,7.762074357281351089e-02,1.867484961090715156e+00,4.527657263279127875e-02,-7.822709547579806411e-02,9.959069000182937392e-01,7.299884551336880412e-01,0.000000000000000000e+00,0.000000000000000000e+00,0.000000000000000000e+00,1.000000000000000000e+00
9.988715064208247840e-01,-1.129685560466135372e-02,-4.613127696085896762e-02,-3.726470413474090027e+00,1.479855246532674889e-02,9.969761760905203607e-01,7.628569428703219080e-02,1.827823913816587487e+00,4.512999562954795457e-02,-7.688228249324413621e-02,9.960182719875704249e-01,7.522988208168650548e-01,0.000000000000000000e+00,0.000000000000000000e+00,0.000000000000000000e+00,1.000000000000000000e+00
9.988811140421650636e-01,-1.116775351344504938e-02,-4.595433920040849218e-02,-3.667322945210835794e+00,1.459577900347805782e-02,9.970804329416818046e-01,7.495047351491478105e-02,1.788162866542459595e+00,4.498314401156164322e-02,-7.553735186178588135e-02,9.961278157086789209e-01,7.746091865000419574e-01,0.000000000000000000e+00,0.000000000000000000e+00,0.000000000000000000e+00,1.000000000000000000e+00
9.988906682852953800e-01,-1.103841269058952052e-02,-4.577757374335519880e-02,-3.608175476947581561e+00,1.439320274741648711e-02,9.971828593476986802e-01,7.361508498819864521e-02,1.748501819268331703e+00,4.483601819104650332e-02,-7.419230733991348525e-02,9.962355308883297234e-01,7.969195521832189710e-01,0.000000000000000000e+00,0.000000000000000000e+00,0.000000000000000000e+00,1.000000000000000000e+00
9.989001691240436687e-01,-1.090883349979949492e-02,-4.560098108188585103e-02,-3.549028008684327329e+00,1.419082426119907571e-02,9.972834550402972509e-01,7.227953243951683315e-02,1.708840771994203811e+00,4.468861858174431184e-02,-7.284715268671147770e-02,9.963414172434539307e-01,8.192299178663959847e-01,0.000000000000000000e+00,0.000000000000000000e+00,0.000000000000000000e+00,1.000000000000000000e+00
9.990017967840729707e-01,-1.064295931520541430e-02,-4.338360795517692825e-02,-3.316166874493136962e+00,1.372898900379770568e-02,9.973483935140282641e-01,7.146815245912298276e-02,1.687737990733846560e+00,4.250793905998279110e-02,-7.199242579606361658e-02,9.964989542116293730e-01,8.637987944486463787e-01,0.000000000000000000e+00,0.000000000000000000e+00,0.000000000000000000e+00,1.000000000000000000e+00
9.990984427633332610e-01,-1.037517937379750163e-02,-4.116621577026644691e-02,-3.083305740301946596e+00,1.326892373446036943e-02,9.974125070235256851e-01,7.065568976363120757e-02,1.666635209473489310e+00,4.032663302101579389e-02,-7.113822099270511456e-02,9.966509500237188401e-01,9.083676710308966618e-01,0.000000000000000000e+00,0.000000000000000000e+00,0.000000000000000000e+00,1.000000000000000000e+00
9.991901060877121932e-01,-1.010549590511637154e-02,-3.894882346025209385e-02,-2.850444606110756673e+00,1.281063243444760698e-02,9.974757949966879256e-01,6.984215125806675362e-02,1.645532428213132281e+00,3.814471907165770115e-02,-7.028454558604524394e-02,9.967974032162740805e-01,9.529365476131470558e-01,0.000000000000000000e+00,0.000000000000000000e+00,0.000000000000000000e+00,1.000000000000000000e+00
9.992767858681564919e-01,-9.833911171286251543e-03,-3.673144995888034253e-02,-2.617583471919566307e+00,1.235411905486098576e-02,9.975382568754930235e-01,6.902754386606292647e-02,1.624429646952775030e+00,3.596221582973996994e-02,-6.943140687670222577e-02,9.969383124204511670e-01,9.975054241953973388e-01,0.000000000000000000e+00,0.000000000000000000e+00,0.000000000000000000e+00,1.000000000000000000e+00
9.993584813006982648e-01,-9.560427466951766998e-03,-3.451411420000757846e-02,-2.384722337728375940e+00,1.189938751652957517e-02,9.975998921160130761e-01,6.821187452966460951e-02,1.603326865692417780e+00,3.377914192358164036e-02,-6.857881215629503535e-02,9.970736763620521304e-01,1.042074300777647622e+00,0.000000000000000000e+00,0.000000000000000000e+00,0.000000000000000000e+00,1.000000000000000000e+00
9.994351916664809821e-01,-9.285047119213324374e-03,-3.229683511706121085e-02,-2.151861203537185574e+00,1.144644170989770823e-02,9.976607001884312265e-01,6.739515020913096344e-02,1.582224084432060529e+00,3.159551599145935669e-02,-6.772676870723569331e-02,9.972034938615640387e-01,1.086643177359898127e+00,0.000000000000000000e+00,0.000000000000000000e+00,0.000000000000000000e+00,1.000000000000000000e+00
9.995069163317797933e-01,-9.007772487561094624e-03,-3.007963164250074956e-02,-1.919000069345995207e+00,1.099528549491402517e-02,9.977206805770562070e-01,6.657737788273765389e-02,1.561121303171703278e+00,2.941135668107692364e-02,-6.687528380252191762e-02,9.973277638341921936e-01,1.131212053942148410e+00,0.000000000000000000e+00,0.000000000000000000e+00,0.000000000000000000e+00,1.000000000000000000e+00
9.995736547480206236e-01,-8.728605963807648666e-03,-2.786252270727902769e-02,-1.686138935154804841e+00,1.054592270092184411e-02,9.977798327803383271e-01,6.575856454657805217e-02,1.540018521911346250e+00,2.722668264903455038e-02,-6.602436470553027514e-02,9.974464852898926592e-01,1.175780930524398915e+00,0.000000000000000000e+00,0.000000000000000000e+00,0.000000000000000000e+00,1.000000000000000000e+00
9.996354064517909421e-01,-8.447549972019161718e-03,-2.564552724030331327e-02,-1.453277800963614474e+00,1.009835712655079987e-02,9.978381563108807972e-01,6.493871721436354771e-02,1.518915740650988999e+00,2.504151256029756717e-02,-6.517401866980947200e-02,9.975596573333948003e-01,1.220349807106649198e+00,0.000000000000000000e+00,0.000000000000000000e+00,0.000000000000000000e+00,1.000000000000000000e+00
9.996921710648527526e-01,-8.164606968445302718e-03,-2.342866416789670878e-02,-1.220416666772424108e+00,9.652592539609839220e-03,9.978956506954554939e-01,6.411784291722351370e-02,1.497812959390631748e+00,2.285586508766494426e-02,-6.432425293887443496e-02,9.976672791642262617e-01,1.264918683688899481e+00,0.000000000000000000e+00,0.000000000000000000e+00,0.000000000000000000e+00,1.000000000000000000e+00
9.997631846735491878e-01,-7.311417251330496088e-03,-2.049677411641704500e-02,-7.685932633588998808e-01,8.594770873299772615e-03,9.979613135353460063e-01,6.324038741533728747e-02,1.445017178166713601e+00,1.999261076092751638e-02,-6.340157619951904133e-02,9.977878209571302559e-01,1.048155167817779843e+00,0.000000000000000000e+00,0.000000000000000000e+00,0.000000000000000000e+00,1.000000000000000000e+00
9.998248762294853487e-01,-6.455496091728370363e-03,-1.756540471790234148e-02,-3.167698599453757646e-01,7.539442986621964181e-03,9.980252585060334081e-01,6.235976413855612993e-02,1.392221396942795453e+00,1.712815437067003593e-02,-6.248127682893935692e-02,9.978991514044290856e-01,8.313916519466602040e-01,0.000000000000000000e+00,0.000000000000000000e+00,0.000000000000000000e+00,1.000000000000000000e+00
9.998772442974948049e-01,-5.596856367979361271e-03,-1.463460060417771415e-02,1.350535434681483515e-01,6.486625070392271208e-03,9.980874845430348641e-01,6.147598631785355927e-02,1.339425615718877527e+00,1.426253943881482418e-02,-6.156336895714015212e-02,9.980012683215402358e-01,6.146281360755405654e-01,0.000000000000000000e+00,0.000000000000000000e+00,0.000000000000000000e+00,1.000000000000000000e+00
9.999202877260611189e-01,-4.735511041940433305e-03,-1.170440639258176797e-02,5.868769468816725787e-01,5.436333240027367564e-03,9.981479906341147457e-01,6.058906728100907357e-02,1.286629834494959379e+00,1.139580952519048986e-02,-6.064786664220704615e-02,9.980941698041395638e-01,3.978646202044209268e-01,0.000000000000000000e+00,0.000000000000000000e+00,0.000000000000000000e+00,1.000000000000000000e+00
9.999540056473933403e-01,-3.871473158332923437e-03,-8.774866683702649273e-03,1.038700350295196806e+00,4.388583534722550680e-03,9.982067758193376994e-01,5.969902045193820062e-02,1.233834053271041231e+00,8.528008225324901215e-03,-5.973478386958876174e-02,9.981778542282743194e-01,1.811011043333012882e-01,0.000000000000000000e+00,0.000000000000000000e+00,0.000000000000000000e+00,1.000000000000000000e+00
9.999783974774824058e-01,-3.004755844084056569e-03,-5.846026059115229032e-03,1.490523753708720811e+00,3.343391916635329517e-03,9.982638391911219378e-01,5.880585935001536591e-02,1.181038272047123083e+00,5.659179168235368637e-03,-5.882413455138507663e-02,9.982523202504577364e-01,-3.566241153781835038e-02,0.000000000000000000e+00,0.000000000000000000e+00,0.000000000000000000e+00,1.000000000000000000e+00
9.999934629161315591e-01,-2.135372307662188225e-03,-2.917929079119664475e-03,1.942347157122245260e+00,2.300774270074840318e-03,9.983191798942825379e-01,5.790959758938932223e-02,1.128242490823204935e+00,2.789366014216180037e-03,-5.791593252564024297e-02,9.983175668077387543e-01,-2.524259274089379890e-01,0.000000000000000000e+00,0.000000000000000000e+00,0.000000000000000000e+00,1.000000000000000000e+00
9.999992019469716720e-01,-1.263335838405838006e-03,9.379719518422171415e-06,2.394170560535769265e+00,1.260746400697184072e-03,9.983727971260777379e-01,5.701024887829150151e-02,1.075446709599286788e+00,-8.138754737624706971e-05,-5.701019155564211044e-02,9.983735931177547540e-01,-4.691894432800576276e-01,0.000000000000000000e+00,0.000000000000000000e+00,0.000000000000000000e+00,1.000000000000000000e+00
9.999956148374479215e-01,-3.886598058465899987e-04,2.935855825825904424e-03,2.845993963949293715e+00,2.233240347067714788e-04,9.984246901362445747e-01,5.610782701833711555e-02,1.022650928375368862e+00,-2.953037800340337776e-03,-5.610692532922684911e-02,9.984203986787582030e-01,-6.859529591511772662e-01,0.000000000000000000e+00,0.000000000000000000e+00,0.000000000000000000e+00,1.000000000000000000e+00
9.999827021387898141e-01,4.886423409740580856e-04,5.861454756878007634e-03,3.297817367362817720e+00,-8.114771819362344256e-04,9.984748582270353001e-01,5.520234590381926931e-02,9.698551471514507138e-01,-5.825541003848249029e-03,-5.520614745808950785e-02,9.984579832696257595e-01,-9.027164750222970158e-01,0.000000000000000000e+00,0.000000000000000000e+00,0.000000000000000000e+00,1.000000000000000000e+00
9.999561315535432371e-01,4.411448816728287428e-04,9.356300533146262935e-03,3.421003479844187289e+00,-9.484756674859149035e-04,9.985248391181783534e-01,5.428854444470319202e-02,8.765060367840599165e-01,-9.318549371085947317e-03,-5.429503711399136928e-02,9.984814537999237016e-01,-8.875600788798024832e-01,0.000000000000000000e+00,0.000000000000000000e+00,0.000000000000000000e+00,1.000000000000000000e+00
9.999173416211806220e-01,3.968356807705008486e-04,1.285116518740269699e-02,3.544189592325556859e+00,-1.082279919567166997e-03,9.985739949436865937e-01,5.337420062522900410e-02,7.831569264166691191e-01,-1.281165857362524634e-02,-5.338369735835990504e-02,9.984918839234218080e-01,-8.724036827373080616e-01,0.000000000000000000e+00,0.000000000000000000e+00,0.000000000000000000e+00,1.000000000000000000e+00
9.998663322638127182e-01,3.557158243939296865e-04,1.634598028762550975e-02,3.667375704806926429e+00,-1.212887099231550227e-03,9.986223246844897483e-01,5.245933231208999709e-02,6.898078160492782107e-01,-1.630480021943488123e-02,-5.247214602051309545e-02,9.984892725421773418e-01,-8.572472865948135290e-01,0.000000000000000000e+00,0.000000000000000000e+00,0.000000000000000000e+00,1.000000000000000000e+00
9.998031038820883731e-01,3.177862738520303770e-04,1.984067739837363023e-02,3.790561817288296442e+00,-1.340294492513915189e-03,9.986698273537892856e-01,5.154395739391938458e-02,5.964587056818875244e-01,-1.979790590985621920e-02,-5.156040093945149505e-02,9.984736190689004198e-01,-8.420908904523191074e-01,0.000000000000000000e+00,0.000000000000000000e+00,0.000000000000000000e+00,1.000000000000000000e+00
9.997276573552077439e-01,2.830478655628508068e-04,2.333518808525327295e-02,3.913747929769666012e+00,-1.464499510619748923e-03,9.987165019971254720e-01,5.062809378012451261e-02,5.031095953144966160e-01,-2.329090724406716537e-02,-5.064847996269471880e-02,9.984449234270345030e-01,-8.269344943098245748e-01,0.000000000000000000e+00,0.000000000000000000e+00,0.000000000000000000e+00,1.000000000000000000e+00
9.996399940408884355e-01,2.515013109928618913e-04,2.682944391938479542e-02,4.036934042251035137e+00,-1.585499690100272262e-03,9.987623476924415433e-01,4.971175939971891888e-02,4.097604849471058186e-01,-2.678373582354666091e-02,-4.973640094511684595e-02,9.984031860507864842e-01,-8.117780981673301532e-01,0.000000000000000000e+00,0.000000000000000000e+00,0.000000000000000000e+00,1.000000000000000000e+00
9.995401157752838994e-01,2.231471966084827866e-04,3.032337648186912704e-02,4.160120154732405595e+00,-1.703292693015274854e-03,9.988073635501435454e-01,4.879497220015237974e-02,3.164113745797150212e-01,-3.027632325653906858e-02,-4.882418174778117154e-02,9.983484078851058152e-01,-7.966217020248356206e-01,0.000000000000000000e+00,0.000000000000000000e+00,0.000000000000000000e+00,1.000000000000000000e+00
9.994280248728565352e-01,1.979859838398405651e-04,3.381691736825331168e-02,4.283306267213775165e+00,-1.817876307083666175e-03,9.988515487131589543e-01,4.787775014613922242e-02,2.230622642123242239e-01,-3.376860116251801519e-02,-4.791184023677438897e-02,9.982805903856153407e-01,-7.814653058823410881e-01,0.000000000000000000e+00,0.000000000000000000e+00,0.000000000000000000e+00,1.000000000000000000e+00
9.993037241262033854e-01,1.760180090567766038e-04,3.730999819299436748e-02,4.406492379695144734e+00,-1.929248445821713474e-03,9.988949023569905217e-01,4.696011121848494424e-02,1.297131538449334265e-01,-3.726050117664883587e-02,-4.699939428204014807e-02,9.981997355184913934e-01,-7.663089097398466665e-01,0.000000000000000000e+00,0.000000000000000000e+00,0.000000000000000000e+00,1.000000000000000000e+00
9.991672168058344239e-01,1.572434835570928578e-04,4.080255059392100259e-02,4.529678492176514304e+00,-2.037407148668952776e-03,9.989374236897677894e-01,4.604207341291140232e-02,3.636404347754265687e-02,-4.075195495424921432e-02,-4.608686175621257153e-02,9.981058457602933753e-01,-7.511525135973521339e-01,0.000000000000000000e+00,0.000000000000000000e+00,0.000000000000000000e+00,1.000000000000000000e+00
9.992499893003712330e-01,2.831126578517982866e-05,3.872283669464309658e-02,4.375955300517694546e+00,-1.767607001656876925e-03,9.989906848325658117e-01,4.488303892617753754e-02,2.951535438628390823e-02,-3.868248245259683221e-02,-4.491782292401652610e-02,9.982414811733035798e-01,-7.180180283697189525e-01,0.000000000000000000e+00,0.000000000000000000e+00,0.000000000000000000e+00,1.000000000000000000e+00
9.993284114157612308e-01,-1.030578145449576738e-04,3.664308278977230354e-02,4.222232108858873900e+00,-1.500207482326618245e-03,9.990425497492264606e-01,4.372337095964166226e-02,2.266666529502516306e-02,-3.661250489602175390e-02,-4.374897906981745771e-02,9.983714495695414914e-01,-6.848835431420858821e-01,0.000000000000000000e+00,0.000000000000000000e+00,0.000000000000000000e+00,1.000000000000000000e+00
9.994024823487780429e-01,-2.368627038300082826e-04,3.456330671622638573e-02,4.068508917200054142e+00,-1.235210956238712819e-03,9.990930179529882160e-01,4.256307944079784633e-02,1.581797620376641789e-02,-3.454204002362908088e-02,-4.258034022468132340e-02,9.984957496641417851e-01,-6.517490579144527008e-01,0.000000000000000000e+00,0.000000000000000000e+00,0.000000000000000000e+00,1.000000000000000000e+00
9.994722013708094988e-01,-3.731023066463044790e-04,3.248352631191540191e-02,3.914785725541233496e+00,-9.726197478135728720e-04,9.991420889810325168e-01,4.140217430817725447e-02,8.969287112507669246e-03,-3.247110558349203951e-02,-4.141191641650148608e-02,9.986143802694303906e-01,-6.186145726868195194e-01,0.000000000000000000e+00,0.000000000000000000e+00,0.000000000000000000e+00,1.000000000000000000e+00
9.995375678278796139e-01,-5.117754857796464468e-04,3.040375941523163622e-02,3.761062533882413739e+00,-7.124361402635575984e-04,9.991897623944977491e-01,4.024066551106442874e-02,2.120598021248920606e-03,-3.039971933214478950e-02,-4.024371766971186065e-02,9.987273402949613521e-01,-5.854800874591863380e-01,0.000000000000000000e+00,0.000000000000000000e+00,0.000000000000000000e+00,1.000000000000000000e+00
9.995985811406694621e-01,-6.528810622569199010e-04,2.832402386453971091e-02,3.607339342223593537e+00,-4.546623755268155271e-04,9.992360377784916814e-01,3.907856300921302289e-02,-4.728091070009821095e-03,-2.832789903407503460e-02,-3.907575400500031687e-02,9.988346287475500240e-01,-5.523456022315532676e-01,0.000000000000000000e+00,0.000000000000000000e+00,0.000000000000000000e+00,1.000000000000000000e+00
9.996552408045343840e-01,-7.964178153795028504e-04,2.624433749766650822e-02,3.453616150564773335e+00,-1.993006542028897426e-04,9.992809147421044536e-01,3.791587677256114813e-02,-1.157678016126856974e-02,-2.625566246121610256e-02,-3.790803543902208222e-02,9.989362447313023807e-01,-5.192111170039200863e-01,0.000000000000000000e+00,0.000000000000000000e+00,0.000000000000000000e+00,1.000000000000000000e+00
9.997075463895179759e-01,-9.423844827584651430e-04,2.416471815139122417e-02,3.299892958905953133e+00,5.364686450990091646e-05,9.993243929184190133e-01,3.675261678094624701e-02,-1.842546925252731838e-02,-2.418302739243887237e-02,-3.674057198411340847e-02,9.990321874476399966e-01,-4.860766317762869604e-01,0.000000000000000000e+00,0.000000000000000000e+00,0.000000000000000000e+00,1.000000000000000000e+00
9.997554975403623034e-01,-1.090779760351553475e-03,2.208518366093545696e-02,3.146169767247132931e+00,3.041780628753049521e-04,9.993664719645212191e-01,3.558879302381957183e-02,-2.527415834378606702e-02,-2.211001161304327819e-02,-3.557337364800548102e-02,9.991224561953208072e-01,-4.529421465486538345e-01,0.000000000000000000e+00,0.000000000000000000e+00,0.000000000000000000e+00,1.000000000000000000e+00
9.997990939765150076e-01,-1.241602302501960183e-03,2.000575185945333012e-02,2.992446575588312729e+00,5.522908646781999036e-04,9.994071515615079448e-01,3.442441549996022587e-02,-3.212284743504480872e-02,-2.003663291424962606e-02,-3.440645043353833532e-02,9.992070503704545414e-01,-4.198076613210206531e-01,0.000000000000000000e+00,0.000000000000000000e+00,0.000000000000000000e+00,1.000000000000000000e+00
9.998342576590578679e-01,-1.292189725169990040e-03,1.816005113084855072e-02,2.819553650147573087e+00,6.791048816599657735e-04,9.994308931319936251e-01,3.372578642441719649e-02,-5.434146943216475178e-02,-1.819329623571754734e-02,-3.370786405425094806e-02,9.992661226485063386e-01,-4.002766216026523161e-01,0.000000000000000000e+00,0.000000000000000000e+00,0.000000000000000000e+00,1.000000000000000000e+00
9.998660094094096173e-01,-1.344067815086100832e-03,1.631430995815764950e-02,2.646660724706833889e+00,8.046308301768525812e-04,9.994541391591461599e-01,3.302690247173226817e-02,-7.656009142928468791e-02,-1.634979501185018086e-02,-3.300935018079931976e-02,9.993213031871740482e-01,-3.807455818842840345e-01,0.000000000000000000e+00,0.000000000000000000e+00,0.000000000000000000e+00,1.000000000000000000e+00
9.998943489718056243e-01,-1.397236295018701793e-03,1.446853914480897285e-02,2.473767799266094247e+00,9.288679490588757541e-04,9.994768894967398509e-01,3.232776772768069379e-02,-9.877871342640465180e-02,-1.450614003042154099e-02,-3.231091290349972361e-02,9.993725915837197160e-01,-3.612145421659156974e-01,0.000000000000000000e+00,0.000000000000000000e+00,0.000000000000000000e+00,1.000000000000000000e+00
9.999192761304220856e-01,-1.451694872622774938e-03,1.262274949483084552e-02,2.300874873825354605e+00,1.051815492206893297e-03,9.994991440043485831e-01,3.162838628106951627e-02,-1.209973354235245879e-01,-1.266234208125831609e-02,-3.161255631186749709e-02,9.994199874809618356e-01,-3.416835024475474158e-01,0.000000000000000000e+00,0.000000000000000000e+00,0.000000000000000000e+00,1.000000000000000000e+00
9.999407907093823544e-01,-1.507443240445212806e-03,1.077695181264077054e-02,2.127981948384615407e+00,1.173472728607535690e-03,9.995209025473491549e-01,3.092876222365779221e-02,-1.432159574206445241e-01,-1.081841195602938413e-02,-3.091428449453719612e-02,9.994634905672844516e-01,-3.221524627291790788e-01,0.000000000000000000e+00,0.000000000000000000e+00,0.000000000000000000e+00,1.000000000000000000e+00
9.999588925727598276e-01,-1.564481075930594222e-03,8.931156902834601341e-03,1.955089022943875765e+00,1.293838942347687142e-03,9.995421649969234990e-01,3.022889965007684657e-02,-1.654345794177644879e-01,-8.974360448035265808e-03,-3.021610153918282207e-02,9.995031005766429333e-01,-3.026214230108107417e-01,0.000000000000000000e+00,0.000000000000000000e+00,0.000000000000000000e+00,1.000000000000000000e+00
9.999735816245812758e-01,-1.622808041427405016e-03,7.085375569975738141e-03,1.782196097503136123e+00,1.412913432628529588e-03,9.995629312300610136e-01,2.952880265775032972e-02,-1.876532014148844241e-01,-7.130198351997532602e-03,-2.951801153243801754e-02,9.995388172885694145e-01,-2.830903832924424046e-01,0.000000000000000000e+00,0.000000000000000000e+00,0.000000000000000000e+00,1.000000000000000000e+00
9.999848578088291751e-01,-1.682423784194700660e-03,5.239618618384309610e-03,1.609303172062396703e+00,1.530695513779142813e-03,9.995832011295618935e-01,2.882847534681433344e-02,-2.098718234120043602e-01,-5.285936463848191387e-03,-2.882001855981639049e-02,9.995706405281780116e-01,-2.635593435740741231e-01,0.000000000000000000e+00,0.000000000000000000e+00,0.000000000000000000e+00,1.000000000000000000e+00
9.999927211094410406e-01,-1.743327936409209532e-03,3.393896851926359731e-03,1.436410246621657283e+00,1.647184515269661462e-03,9.996029745840386838e-01,2.812792182003728478e-02,-2.320904454091242963e-01,-3.441585580518999668e-03,-2.812212670563179681e-02,9.995985701661663780e-01,-2.440283038557058137e-01,0.000000000000000000e+00,0.000000000000000000e+00,0.000000000000000000e+00,1.000000000000000000e+00
9.999971715503100933e-01,-1.805520115172876356e-03,1.548221073803052877e-03,1.263517321180917641e+00,1.762379781723988825e-03,9.996222514879186116e-01,2.742714618273987479e-02,-2.543090674062442602e-01,-1.597156499730774306e-03,-2.742434005291865054e-02,9.996226061188178136e-01,-2.244972641373375044e-01,0.000000000000000000e+00,0.000000000000000000e+00,0.000000000000000000e+00,1.000000000000000000e+00
9.999987021088210248e-01,-1.534543970628800616e-03,-4.908721581942667670e-04,1.075077398170200205e+00,1.547430191824911670e-03,9.996226002520544052e-01,2.742740463702050824e-02,-2.537820177291134627e-01,4.485983447497545449e-04,-2.742812862963188436e-02,9.996236774503700628e-01,-2.503966953110053351e-01,0.000000000000000000e+00,0.000000000000000000e+00,0.000000000000000000e+00,1.000000000000000000e+00
9.999960013016546689e-01,-1.263558280566214054e-03,-2.529980468906690635e-03,8.866374751594829906e-01,1.332479670104410457e-03,9.996228907700426269e-01,2.742810140116312689e-02,-2.532549680519826651e-01,2.494369385274604507e-03,-2.743136287200001466e-02,9.996205772453640170e-01,-2.762961264846731657e-01,0.000000000000000000e+00,0.000000000000000000e+00,0.000000000000000000e+00,1.000000000000000000e+00
9.999890690519520620e-01,-9.925647647859162700e-04,-4.569090915946979331e-03,6.981975521487655545e-01,1.117529580885639204e-03,9.996231230387450095e-01,2.742923648048239613e-02,-2.527279183748518676e-01,4.540143637191370804e-03,-2.743404274717975780e-02,9.996133054308050658e-01,-3.021955576583409409e-01,0.000000000000000000e+00,0.000000000000000000e+00,0.000000000000000000e+00,1.000000000000000000e+00
9.999779053365690507e-01,-7.215651432317156258e-04,-6.608190556572174530e-03,5.097576291380482294e-01,9.025812885209008119e-04,9.996232970557630271e-01,2.743080987472892168e-02,-2.522008686977210701e-01,6.585908115477213422e-03,-2.743616822936444100e-02,9.996018619866535726e-01,-3.280949888320087715e-01,0.000000000000000000e+00,0.000000000000000000e+00,0.000000000000000000e+00,1.000000000000000000e+00
9.999625101860772913e-01,-4.505611359540422794e-04,-8.647266447957433974e-03,3.213177061273309043e-01,6.876361573627811589e-04,9.996234128194375623e-01,2.743282157808911090e-02,-2.516738190205902725e-01,8.631649835013579034e-03,-2.743773929978473788e-02,9.995862469458264288e-01,-3.539944200056766022e-01,0.000000000000000000e+00,0.000000000000000000e+00,0.000000000000000000e+00,1.000000000000000000e+00
9.999428836847650270e-01,-1.795544630735582407e-04,-1.068630564746986950e-02,1.328777831166134682e-01,4.726955517352827052e-04,9.996234703288491286e-01,2.743527157918517270e-02,-2.511467693434594750e-01,1.067735581086093344e-02,-2.743875594670914034e-02,9.995664603941976090e-01,-3.798938511793444328e-01,0.000000000000000000e+00,0.000000000000000000e+00,0.000000000000000000e+00,1.000000000000000000e+00
9.999190259706354222e-01,9.145315525523659797e-05,-1.272529521294236791e-02,-5.556213989410374587e-02,2.577608359049580436e-04,9.996234695838177586e-01,2.743815986107535354e-02,-2.506197196663286775e-01,1.272301305853348712e-02,-2.743921816544427073e-02,9.995425024705962835e-01,-4.057932823530122635e-01,0.000000000000000000e+00,0.000000000000000000e+00,0.000000000000000000e+00,1.000000000000000000e+00
9.998909372354022329e-01,3.624599988803978092e-04,-1.476422220294742668e-02,-2.440020629048211820e-01,4.283337405204697395e-05,9.996234105849020057e-01,2.744148640125431554e-02,-2.500926699891978799e-01,1.476860859427391731e-02,-2.743912595833493395e-02,9.995143733668023778e-01,-4.316927135266800386e-01,0.000000000000000000e+00,0.000000000000000000e+00,0.000000000000000000e+00,1.000000000000000000e+00
9.998586177244876971e-01,6.334643476889301964e-04,-1.680307367707093921e-02,-4.324419859155386181e-01,-1.720854697583851754e-04,9.996232933334017190e-01,2.744525117165374020e-02,-2.495656203120670824e-01,1.681412943532805196e-02,-2.743847933476397868e-02,9.994820733275449065e-01,-4.575921447003479248e-01,0.000000000000000000e+00,0.000000000000000000e+00,0.000000000000000000e+00,1.000000000000000000e+00
9.998220677370127651e-01,9.044644816431787965e-04,-1.884183669618595333e-02,-6.208819089262557211e-01,-3.869943316053035343e-04,9.996231178313543797e-01,2.744945413864297371e-02,-2.490385706349362849e-01,1.885956260021952671e-02,-2.743727831115186019e-02,9.994456026504917601e-01,-4.834915758740156999e-01,0.000000000000000000e+00,0.000000000000000000e+00,0.000000000000000000e+00,1.000000000000000000e+00
9.997696645941683835e-01,7.424278220105747731e-04,-2.144916217928180546e-02,-8.312375200062589453e-01,-1.657672916077852689e-04,9.996388078646357700e-01,2.687426896075111385e-02,-2.286088951343210884e-01,2.146136711556515669e-02,-2.686452329558189703e-02,9.994086787243905423e-01,-5.270303840180994293e-01,0.000000000000000000e+00,0.000000000000000000e+00,0.000000000000000000e+00,1.000000000000000000e+00
9.997104380775763133e-01,5.788951507219564606e-04,-2.405628564731328994e-02,-1.041593131086262281e+00,5.396472521362470805e-05,9.996541333982430499e-01,2.629849173652907060e-02,-2.081792196337059198e-01,2.406318945088313510e-02,-2.629217488554961082e-02,9.993646403856996097e-01,-5.705691921621830476e-01,0.000000000000000000e+00,0.000000000000000000e+00,0.000000000000000000e+00,1.000000000000000000e+00
9.996443885664914042e-01,4.138681663300992864e-04,-2.666317911776582353e-02,-1.251948742166265394e+00,2.721993049462548666e-04,9.996690942540408242e-01,2.572212862194062782e-02,-1.877495441330907233e-01,2.666500168879709295e-02,-2.572023923773200660e-02,9.993134878397719190e-01,-6.141080003062666659e-01,0.000000000000000000e+00,0.000000000000000000e+00,0.000000000000000000e+00,1.000000000000000000e+00
9.995715165866109198e-01,2.473485995293790403e-04,-2.926981461185968261e-02,-1.462304353246268729e+00,4.889340657095647474e-04,9.996836902617134424e-01,2.514518578578730373e-02,-1.673198686324755546e-01,2.926677591094913392e-02,-2.514872250021225192e-02,9.992552214446444037e-01,-6.576468084503503952e-01,0.000000000000000000e+00,0.000000000000000000e+00,0.000000000000000000e+00,1.000000000000000000e+00
9.994918228100601043e-01,7.933821309530483465e-05,-3.187616415555083460e-02,-1.672659964326272064e+00,7.041666577417709811e-04,9.996979212587693286e-01,2.456766940948824571e-02,-1.468901931318603582e-01,3.186848419899832030e-02,-2.457763081225939825e-02,9.991898417110308683e-01,-7.011856165944341246e-01,0.000000000000000000e+00,0.000000000000000000e+00,0.000000000000000000e+00,1.000000000000000000e+00
9.994053080553724211e-01,-9.016119817766840095e-05,-3.448219978053166518e-02,-1.883015575406275399e+00,9.178947634847541958e-04,9.997117870905473103e-01,2.398958568685949366e-02,-1.264605176312451618e-01,3.447009863561927706e-02,-2.400697030410855332e-02,9.991173493023070007e-01,-7.447244247385177429e-01,0.000000000000000000e+00,0.000000000000000000e+00,0.000000000000000000e+00,1.000000000000000000e+00
9.993119732874631289e-01,-2.611478075400506019e-04,-3.708789352523136906e-02,-2.093371186486278290e+00,1.130116097667239767e-03,9.997252876102242780e-01,2.341094082389257730e-02,-1.060308421306299931e-01,3.707159130550070902e-02,-2.343674709674155310e-02,9.990377450344911647e-01,-7.882632328826013612e-01,0.000000000000000000e+00,0.000000000000000000e+00,0.000000000000000000e+00,1.000000000000000000e+00
9.992118196175924227e-01,-4.336197563529380137e-04,-3.969321743581604583e-02,-2.303726797566281626e+00,1.340828407386246771e-03,9.997384226788182948e-01,2.283174103853238823e-02,-8.560116663001479664e-02,3.967293429634385221e-02,-2.286696730166810909e-02,9.989510298762109830e-01,-8.318020410266850906e-01,0.000000000000000000e+00,0.000000000000000000e+00,0.000000000000000000e+00,1.000000000000000000e+00
9.991048483033206917e-01,-6.075751541553463210e-04,-4.229814356718815394e-02,-2.514082408646284961e+00,1.550029472186796251e-03,9.997511921651929256e-01,2.225199256045449700e-02,-6.517149112939960021e-02,4.227409969986066496e-02,-2.229763702070744133e-02,9.988572049486647009e-01,-8.753408491707688199e-01,0.000000000000000000e+00,0.000000000000000000e+00,0.000000000000000000e+00,1.000000000000000000e+00
9.989910607484593363e-01,-7.830120787332476000e-04,-4.490264398398582241e-02,-2.724438019726288296e+00,1.757717104139880750e-03,9.997635959460643429e-01,2.167170163084182130e-02,-4.474181562878444540e-02,4.487505961277193228e-02,-2.172876234577054630e-02,9.987562715255765555e-01,-9.188796573148524383e-01,0.000000000000000000e+00,0.000000000000000000e+00,0.000000000000000000e+00,1.000000000000000000e+00
9.988771123121147344e-01,-6.567719408057277062e-04,-4.737175476619814862e-02,-2.956743467275744219e+00,1.659875730973021154e-03,9.997751702234711768e-01,2.113891712427719283e-02,-1.152255687413042268e-01,4.734722073753404314e-02,-2.119381172057312884e-02,9.986536251539791520e-01,-9.463662320685651830e-01,0.000000000000000000e+00,0.000000000000000000e+00,0.000000000000000000e+00,1.000000000000000000e+00
9.987570396813053586e-01,-5.318531688529779238e-04,-4.984067434578112049e-02,-3.189048914825200143e+00,1.560714537228190474e-03,9.997864481796171487e-01,2.060636325310772829e-02,-1.857093218538239943e-01,4.981907121945076261e-02,-2.065853742626822323e-02,9.985445833683335159e-01,-9.738528068222779277e-01,0.000000000000000000e+00,0.000000000000000000e+00,0.000000000000000000e+00,1.000000000000000000e+00
9.986308438050306435e-01,-4.082570092179144952e-04,-5.230937896273724075e-02,-3.421354362374656066e+00,1.460234432495463412e-03,9.997974296960188134e-01,2.007404514881861585e-02,-2.561930749663438034e-01,5.229058726630432530e-02,-2.012294460184885225e-02,9.984291470023780590e-01,-1.001339381575990561e+00,0.000000000000000000e+00,0.000000000000000000e+00,0.000000000000000000e+00,1.000000000000000000e+00
9.984985257501499678e-01,-2.859846828415000099e-04,-5.477784486029091404e-02,-3.653659809924111990e+00,1.358436351778614676e-03,9.998081146598912783e-01,1.954196793855586187e-02,-3.266768280788635570e-01,5.476174509139647428e-02,-1.958703839263503318e-02,9.983073170129277418e-01,-1.028825956329703306e+00,0.000000000000000000e+00,0.000000000000000000e+00,0.000000000000000000e+00,1.000000000000000000e+00
9.983600867013556757e-01,-1.650373852225699199e-04,-5.724604828565061504e-02,-3.885965257473567913e+00,1.255321255466156256e-03,9.998185029641546429e-01,1.901013674496169342e-02,-3.971605811913833106e-01,5.723252091431179495e-02,-1.905082395010899987e-02,9.981790944798507592e-01,-1.056312531083416051e+00,0.000000000000000000e+00,0.000000000000000000e+00,0.000000000000000000e+00,1.000000000000000000e+00
9.982155279611352183e-01,-4.541628637887845654e-05,-5.971396549077055693e-02,-4.118270705023023837e+00,1.150890129301141958e-03,9.998285945074346648e-01,1.847855668601014814e-02,-4.676443343039031197e-01,5.970289096168025778e-02,-1.851430643175014032e-02,9.980444806060344565e-01,-1.083799105837128796e+00,0.000000000000000000e+00,0.000000000000000000e+00,0.000000000000000000e+00,1.000000000000000000e+00
9.980648509497321852e-01,7.287746919062575070e-05,-6.218157273311246402e-02,-4.350576152572479316e+00,1.045143984349764139e-03,9.998383891940677559e-01,1.794723287484292079e-02,-5.381280874164229289e-01,6.217283146793982362e-02,-1.797749100086964980e-02,9.979034767173490250e-01,-1.111285680590841540e+00,0.000000000000000000e+00,0.000000000000000000e+00,0.000000000000000000e+00,1.000000000000000000e+00
9.979080572050987863e-01,1.898427625423006410e-04,-6.464884627640692105e-02,-4.582881600121935683e+00,9.380838569687219341e-04,9.998478869341037578e-01,1.741617041960540416e-02,-6.086118405289426825e-01,6.464231867609852855e-02,-1.744038282644489249e-02,9.977560842626039816e-01,-1.138772255344554285e+00,0.000000000000000000e+00,0.000000000000000000e+00,0.000000000000000000e+00,1.000000000000000000e+00
9.977451483828446710e-01,3.054785003230799816e-04,-6.711576239141436862e-02,-4.815187047671392051e+00,8.297108087713786408e-04,9.998570876433086063e-01,1.688537442328303176e-02,-6.790955936414624361e-01,6.711132883849610375e-02,-1.690298708295350991e-02,9.976023048134984306e-01,-1.166258830098267030e+00,0.000000000000000000e+00,0.000000000000000000e+00,0.000000000000000000e+00,1.000000000000000000e+00
9.975761262561783083e-01,4.197836148045095100e-04,-6.958229735668589044e-02,-5.047492495220847530e+00,7.200259265927046962e-04,9.998659912431671071e-01,1.635484998353779751e-02,-7.495793467539821897e-01,6.957983821756522080e-02,-1.636530895020725518e-02,9.974421400645662183e-01,-1.193745404851979774e+00,0.000000000000000000e+00,0.000000000000000000e+00,0.000000000000000000e+00,1.000000000000000000e+00
9.978764043459501520e-01,3.360702113940427864e-04,-6.513500369548479163e-02,-4.683033974015481604e+00,6.443645367337105627e-04,9.998868241807991053e-01,1.503075593506575727e-02,-8.147619480145389392e-01,6.513268337740742153e-02,-1.504080737356635819e-02,9.977632523147009769e-01,-1.029307197883927438e+00,0.000000000000000000e+00,0.000000000000000000e+00,0.000000000000000000e+00,1.000000000000000000e+00
9.981568657497043029e-01,2.582590448112047094e-04,-6.068611586674779040e-02,-4.318575452810115678e+00,5.746036439512344860e-04,9.999058997893282008e-01,1.370625394285888976e-02,-8.799445492750956888e-01,6.068394505451110005e-02,-1.371586194008783677e-02,9.980627905817656131e-01,-8.648689909158752132e-01,0.000000000000000000e+00,0.000000000000000000e+00,0.000000000000000000e+00,1.000000000000000000e+00
9.984174991127507948e-01,1.863533112299484390e-04,-5.623577809441058367e-02,-3.954116931604749752e+00,5.107461829202959540e-04,9.999232172499433746e-01,1.238138695216346903e-02,-9.451271505356523273e-01,5.623376746917307240e-02,-1.239051560533156564e-02,9.983407426922218386e-01,-7.004307839478229880e-01,0.000000000000000000e+00,0.000000000000000000e+00,0.000000000000000000e+00,1.000000000000000000e+00
9.986582943661296285e-01,1.203558238678253294e-04,-5.178413471526244205e-02,-3.589658410399383826e+00,4.527947054554776326e-04,9.999387758578629493e-01,1.105619793749676449e-02,-1.010309751796209188e+00,5.178229495384981118e-02,-1.106481135646050426e-02,9.985970978722892299e-01,-5.359925769797706518e-01,0.000000000000000000e+00,0.000000000000000000e+00,0.000000000000000000e+00,1.000000000000000000e+00
9.988792427278758712e-01,6.026901262980687013e-05,-4.733133016334461346e-02,-3.225199889194017899e+00,4.007513801830452820e-04,9.999525750224275145e-01,9.730729898001253680e-03,-1.075492353056765715e+00,4.732967193755625163e-02,-9.738792207593851419e-03,9.988318467493018105e-01,-3.715543700117183157e-01,0.000000000000000000e+00,0.000000000000000000e+00,0.000000000000000000e+00,1.000000000000000000e+00
9.990803367040724803e-01,6.094923814270334023e-06,-4.287750895433073417e-02,-2.860741367988652417e+00,3.546179922752116468e-04,9.999646142671715365e-01,8.405025852794215449e-03,-1.140674954317322465e+00,4.287604293024675772e-02,-8.412501195155226361e-03,9.990449813528342604e-01,-2.071161630436660905e-01,0.000000000000000000e+00,0.000000000000000000e+00,0.000000000000000000e+00,1.000000000000000000e+00
9.992615700896980702e-01,-4.216478011877738226e-05,-3.842281566989324409e-02,-2.496282846783286491e+00,3.143959432466179394e-04,9.999748932298797577e-01,7.079128836313806905e-03,-1.205857555577879214e+00,3.842155250718203713e-02,-7.085981373216919052e-03,9.992364951156037511e-01,-4.267795607561386539e-02,0.000000000000000000e+00,0.000000000000000000e+00,0.000000000000000000e+00,1.000000000000000000e+00
9.994229379692608495e-01,-8.450882071718409858e-05,-3.396739494205876231e-02,-2.131824325577920565e+00,2.800862508130766079e-04,9.999834116626218350e-01,5.753081893662624971e-03,-1.271040156838435964e+00,3.396634529328529384e-02,-5.759275808841269467e-03,9.994063828741412969e-01,1.217602508924384708e-01,0.000000000000000000e+00,0.000000000000000000e+00,0.000000000000000000e+00,1.000000000000000000e+00
9.995644367172280553e-01,-1.209363036438074537e-04,-2.951139143755652713e-02,-1.767365804372554638e+00,2.516895488126084587e-04,9.999901694317705481e-01,4.426928075949856760e-03,-1.336222758098992713e+00,2.951056594749145237e-02,-4.432427577420252306e-03,9.995546408692370655e-01,2.861984578604908069e-01,0.000000000000000000e+00,0.000000000000000000e+00,0.000000000000000000e+00,1.000000000000000000e+00
9.996860639982424468e-01,-1.514467187213234362e-04,-2.505494984216316903e-02,-1.402907283167188712e+00,2.292060871887831579e-04,9.999951665180007998e-01,3.100710435633050044e-03,-1.401405359359549463e+00,2.505435914709292985e-02,-3.105479758014313175e-03,9.996812667461569824e-01,4.506366648285429766e-01,0.000000000000000000e+00,0.000000000000000000e+00,0.000000000000000000e+00,1.000000000000000000e+00
9.997445514258861410e-01,-1.905847407624790973e-04,-2.260078697104225820e-02,-1.188130721828083214e+00,2.562149396269407589e-04,9.999957591809004454e-01,2.901029837716855801e-03,-1.405671881409261692e+00,2.260013823317363890e-02,-2.906079433050656313e-03,9.997403605207555444e-01,4.319476434789097374e-01,0.000000000000000000e+00,0.000000000000000000e+00,0.000000000000000000e+00,1.000000000000000000e+00
9.997970133934330761e-01,-2.292336082372501088e-04,-2.014645034549906663e-02,-9.733541604889777155e-01,2.837142478638009506e-04,9.999963109285702201e-01,2.701413606861820076e-03,-1.409938403458973921e+00,2.014575676901625076e-02,-2.706581091087728944e-03,9.997933901076764274e-01,4.132586221292765538e-01,0.000000000000000000e+00,0.000000000000000000e+00,0.000000000000000000e+00,1.000000000000000000e+00
9.998434492314444144e-01,-2.673929537926320911e-04,-1.769196229864170369e-02,-7.585775991498722171e-01,3.117037772327665166e-04,9.999968217546858495e-01,2.501863561966082179e-03,-1.414204925508686150e+00,1.769123708855760771e-02,-2.506986544777781156e-03,9.998403548310805800e-01,3.945696007796433147e-01,0.000000000000000000e+00,0.000000000000000000e+00,0.000000000000000000e+00,1.000000000000000000e+00
9.998838583801509250e-01,-3.050624189732527259e-04,-1.523734516714773425e-02,-5.438010378107667186e-01,3.401832841349607638e-04,9.999972916536653544e-01,2.302381520789181790e-03,-1.418471447558398379e+00,1.523660152906367200e-02,-2.307297608590304708e-03,9.998812541255035491e-01,3.758805794300100755e-01,0.000000000000000000e+00,0.000000000000000000e+00,0.000000000000000000e+00,1.000000000000000000e+00
9.999182403894788518e-01,-3.422416542325855513e-04,-1.278262129058667720e-02,-3.290244764716612202e-01,3.691525160462811521e-04,9.999977206206740465e-01,2.102969299896873499e-03,-1.422737969608110387e+00,1.278187243045197929e-02,-2.107516098757062674e-03,9.999160875358817924e-01,3.571915580803768919e-01,0.000000000000000000e+00,0.000000000000000000e+00,0.000000000000000000e+00,1.000000000000000000e+00
9.999465949190629033e-01,-3.789303189437569631e-04,-1.032781301074227678e-02,-1.142479151325557218e-01,3.986112115248565996e-04,9.999981086516208650e-01,1.903628714605985154e-03,-1.427004491657822616e+00,1.032707213461390300e-02,-1.907643833217021519e-03,9.999448547175648905e-01,3.385025367307436528e-01,0.000000000000000000e+00,0.000000000000000000e+00,0.000000000000000000e+00,1.000000000000000000e+00
9.999689217382590201e-01,-4.151280814099480784e-04,-7.872942670934713130e-03,1.005286462065497766e-01,4.285591002189116346e-04,9.999984557431607080e-01,1.704361578929332365e-03,-1.431271013707534845e+00,7.872222984736857929e-03,-1.707682631561211828e-03,9.999675554363295360e-01,3.198135153811104692e-01,0.000000000000000000e+00,0.000000000000000000e+00,0.000000000000000000e+00,1.000000000000000000e+00
9.999852207261493708e-01,-4.508346188743908621e-04,-5.418032615342711390e-03,3.153052075456552750e-01,4.589959028750367981e-04,9.999987618926929889e-01,1.505169705520692644e-03,-1.435537535757247074e+00,5.417347324626411130e-03,-1.507634314977508586e-03,9.999841895683835302e-01,3.011244940314772300e-01,0.000000000000000000e+00,0.000000000000000000e+00,0.000000000000000000e+00,1.000000000000000000e+00
9.999954918715444618e-01,-4.860496175299559439e-04,-2.963105188325633032e-03,5.300817688847607734e-01,4.899213313468625325e-04,9.999990270983629692e-01,1.306054905619845460e-03,-1.439804057806959303e+00,2.962467498028394878e-03,-1.307500706195346410e-03,9.999947571003692248e-01,2.824354726818439909e-01,0.000000000000000000e+00,0.000000000000000000e+00,0.000000000000000000e+00,1.000000000000000000e+00
9.999997352729792510e-01,-5.207727725283341300e-04,-5.081827337455871105e-04,7.448583302238660497e-01,5.213350886041389406e-04,9.999992513590614251e-01,1.107018988997674749e-03,-1.444070579856671532e+00,5.076058479510465668e-04,-1.107283629430360185e-03,9.999992581293584148e-01,2.637464513322108073e-01,0.000000000000000000e+00,0.000000000000000000e+00,0.000000000000000000e+00,1.000000000000000000e+00
9.999978034013397021e-01,2.621985175177194869e-04,2.079529858689155037e-03,9.066373958078345341e-01,-2.636484395679193973e-04,9.999997223457723905e-01,6.969920219521753314e-04,-1.458710849066325865e+00,-2.079346531024020475e-03,-6.975387557427118346e-04,9.999975948759518563e-01,1.638433530469346477e-01,0.000000000000000000e+00,0.000000000000000000e+00,0.000000000000000000e+00,1.000000000000000000e+00
9.999885624379701854e-01,1.046238994478225579e-03,4.666945168748755889e-03,1.068416461391803018e+00,-1.047580107466367615e-03,9.999994106955326645e-01,2.849289483620765797e-04,-1.473351118275980198e+00,-4.666644314720687185e-03,-2.898146883909730773e-04,9.999890691594014447e-01,6.394025476165846045e-02,0.000000000000000000e+00,0.000000000000000000e+00,0.000000000000000000e+00,1.000000000000000000e+00
9.999720121995895328e-01,1.831339906404531046e-03,7.254034163906067888e-03,1.230195526975771614e+00,-1.830451081097976941e-03,9.999983163811148046e-01,-1.291656899389287568e-04,-1.487991387485634309e+00,-7.254258497159680151e-03,1.158839201977353539e-04,9.999736808059367377e-01,-3.596284352361772685e-02,0.000000000000000000e+00,0.000000000000000000e+00,0.000000000000000000e+00,1.000000000000000000e+00
9.999481526668724252e-01,2.617492477167182845e-03,9.840767817651441610e-03,1.391974592559739987e+00,-2.612252549867141640e-03,9.999964393928461037e-01,-5.452873053404258888e-04,-1.502631656695288642e+00,-9.842160063962773417e-03,5.195524628235452785e-04,9.999514297957243780e-01,-1.358659418088938864e-01,0.000000000000000000e+00,0.000000000000000000e+00,0.000000000000000000e+00,1.000000000000000000e+00
9.999169839844592733e-01,3.404687906782917842e-03,1.242711711057823375e-02,1.553753658143708360e+00,-3.392975726906382640e-03,9.999937797386116989e-01,-9.634312646246570924e-04,-1.517271925904942975e+00,-1.243031999343718712e-02,9.211863776882056338e-04,9.999223162628776418e-01,-2.357690400941700459e-01,0.000000000000000000e+00,0.000000000000000000e+00,0.000000000000000000e+00,1.000000000000000000e+00
9.998785064609541084e-01,4.192917371742997494e-03,1.501305303146797249e-02,1.715532723727676956e+00,-4.172611849405525632e-03,9.999903374438532389e-01,-1.383592889138466307e-03,-1.531912195114597308e+00,-1.501870925766040851e-02,1.320781148566909247e-03,9.998863404954543288e-01,-3.356721383794462610e-01,0.000000000000000000e+00,0.000000000000000000e+00,0.000000000000000000e+00,1.000000000000000000e+00
9.998327205689153674e-01,4.982172025342878827e-03,1.759854657837506622e-02,1.877311789311645329e+00,-4.951152178939545803e-03,9.999861125515692173e-01,-1.805767454967797166e-03,-1.546552464324251641e+00,-1.760729882356541418e-02,1.718332304977567872e-03,9.998435029354481030e-01,-4.355752366647223650e-01,0.000000000000000000e+00,0.000000000000000000e+00,0.000000000000000000e+00,1.000000000000000000e+00
9.997796269448365747e-01,5.772442998013181670e-03,2.018356875971103262e-02,2.039090854895613703e+00,-5.728588001795043017e-03,9.999811051223127523e-01,-2.229950193114727409e-03,-1.561192733533905752e+00,-2.019605965402618622e-02,2.113835422347522513e-03,9.997938041787707286e-01,-5.354783349499985246e-01,0.000000000000000000e+00,0.000000000000000000e+00,0.000000000000000000e+00,1.000000000000000000e+00
9.997192263891182540e-01,6.563721397651926803e-03,2.276809059532808668e-02,2.200869920479582298e+00,-6.504910629295321614e-03,9.999753152341889217e-01,-2.656136289677028806e-03,-1.575833002743560085e+00,-2.278496270894340633e-02,2.507286122177673424e-03,9.997372449752253143e-01,-6.353814332352747396e-01,0.000000000000000000e+00,0.000000000000000000e+00,0.000000000000000000e+00,1.000000000000000000e+00
9.996515198660291812e-01,7.355998309958029606e-03,2.535208311760202976e-02,2.362648986063550893e+00,-7.280111398124052523e-03,9.999687429828508778e-01,-3.084320886030237664e-03,-1.590473271953214418e+00,-2.537397894633026257e-02,2.898680072204022108e-03,9.996738262284704524e-01,-7.352845315205508436e-01,0.000000000000000000e+00,0.000000000000000000e+00,0.000000000000000000e+00,1.000000000000000000e+00
9.995513341579351785e-01,7.515467639308003739e-03,2.899393262829981499e-02,2.536733093777301828e+00,-7.380491413348419169e-03,9.999614368195253178e-01,-4.759539928184348088e-03,-1.686990988561026361e+00,-2.902858469835146310e-02,4.543415014392259386e-03,9.995682561238214969e-01,-8.027657623608555060e-01,0.000000000000000000e+00,0.000000000000000000e+00,0.000000000000000000e+00,1.000000000000000000e+00
9.994378141318190911e-01,7.680933107495699005e-03,3.263524092158190393e-02,2.710817201491052320e+00,-7.474748872126596444e-03,9.999513572759436419e-01,-6.435154333568489024e-03,-1.783508705168838304e+00,-3.268308144453578590e-02,6.187596350472420251e-03,9.994466118000968624e-01,-8.702469932011600573e-01,0.000000000000000000e+00,0.000000000000000000e+00,0.000000000000000000e+00,1.000000000000000000e+00
9.993109614017179343e-01,7.852391226192632565e-03,3.627592003526160236e-02,2.884901309204803255e+00,-7.562880981303620083e-03,9.999385043611044299e-01,-8.111123679234614331e-03,-1.880026421776650025e+00,-3.633738094079590197e-02,7.831184336230211790e-03,9.993088948359536428e-01,-9.377282240414646086e-01,0.000000000000000000e+00,0.000000000000000000e+00,0.000000000000000000e+00,1.000000000000000000e+00
9.991707782256478154e-01,8.029838217354527685e-03,3.991588202903947197e-02,3.058985416918553746e+00,-7.644885243241605378e-03,9.999228782179311326e-01,-9.787407521191017132e-03,-1.976544138384461968e+00,-3.999139494404702760e-02,9.474139252265209935e-03,9.991551075863335241e-01,-1.005209454881769382e+00,0.000000000000000000e+00,0.000000000000000000e+00,0.000000000000000000e+00,1.000000000000000000e+00
9.990172675054855844e-01,8.213270013496190222e-03,4.355503899158311848e-02,3.233069524632304681e+00,-7.720759456050460198e-03,9.999044791232726270e-01,-1.146396539765521735e-02,-2.073061854992273911e+00,-4.364503521930906266e-02,1.111642140719003996e-02,9.989852531823495418e-01,-1.072690685722073933e+00,0.000000000000000000e+00,0.000000000000000000e+00,0.000000000000000000e+00,1.000000000000000000e+00
9.988504327867752108e-01,8.402682258001439516e-03,4.719330304760417649e-02,3.407153632346055616e+00,-7.790501713782977192e-03,9.998833074878896721e-01,-1.314075683230931518e-02,-2.169579571600086076e+00,-4.729821354680832646e-02,1.275799114082649260e-02,9.987993355310821331e-01,-1.140171916562378485e+00,0.000000000000000000e+00,0.000000000000000000e+00,0.000000000000000000e+00,1.000000000000000000e+00
9.986702782584547800e-01,8.598070305467874277e-03,5.083058636493125587e-02,3.581237740059806107e+00,-7.854110406594153396e-03,9.998593638564247099e-01,-1.481774133755726572e-02,-2.266097288207897797e+00,-5.095084172907777403e-02,1.439880882739803455e-02,9.985973593152800420e-01,-1.207653147402683036e+00,0.000000000000000000e+00,0.000000000000000000e+00,0.000000000000000000e+00,1.000000000000000000e+00
9.984768087525069946e-01,8.799429222086568858e-03,5.446680116157778806e-02,3.755321847773557042e+00,-7.911584220864811834e-03,9.998326489073551260e-01,-1.649487841778349978e-02,-2.362615004815709518e+00,-5.460283159805474906e-02,1.603883487871815561e-02,9.983793299929678566e-01,-1.275134378242987587e+00,0.000000000000000000e+00,0.000000000000000000e+00,0.000000000000000000e+00,1.000000000000000000e+00
9.982700297435315173e-01,9.006753786056522978e-03,5.810185971280343309e-02,3.929405955487307978e+00,-7.962922139289429699e-03,9.998031634529311873e-01,-1.817212757261238779e-02,-2.459132721423521684e+00,-5.825409502217460123e-02,1.767802974737404595e-02,9.981452537969605077e-01,-1.342615609083292139e+00,0.000000000000000000e+00,0.000000000000000000e+00,0.000000000000000000e+00,1.000000000000000000e+00
9.980499473482383754e-01,9.220038488033856228e-03,6.173567435816770116e-02,4.103490063201058469e+00,-8.008123440928195669e-03,9.997709084390952183e-01,-1.984944830016789619e-02,-2.555650438031333405e+00,-6.190454391345926594e-02,1.931635392990499467e-02,9.978951377342817342e-01,-1.410096839923596912e+00,0.000000000000000000e+00,0.000000000000000000e+00,0.000000000000000000e+00,1.000000000000000000e+00
9.982088811795535310e-01,9.159734734362786832e-03,5.911961429052162154e-02,3.916934685123784732e+00,-7.928521551915342427e-03,9.997474725513569860e-01,-2.102687977742746100e-02,-2.564097279517188799e+00,-5.929728560621265465e-02,2.052048700127952208e-02,9.980294291918277994e-01,-1.420442183509778244e+00,0.000000000000000000e+00,0.000000000000000000e+00,0.000000000000000000e+00,1.000000000000000000e+00
9.983609810789997319e-01,9.096273634760176918e-03,5.650317924629375682e-02,3.730379307046511439e+00,-7.851994873508856554e-03,9.997226145841072720e-01,-2.220450552529998345e-02,-2.572544121003044193e+00,-5.668948434660193297e-02,2.172444924683371303e-02,9.981554741970001254e-01,-1.430787527095959799e+00,0.000000000000000000e+00,0.000000000000000000e+00,0.000000000000000000e+00,1.000000000000000000e+00
9.985062448639988597e-01,9.029655839098916364e-03,5.388640165220970335e-02,3.543823928969237702e+00,-7.778544488077159501e-03,9.996963347838601077e-01,-2.338231095001532672e-02,-2.580990962488899587e+00,-5.408117244700641479e-02,2.292822573038805906e-02,9.982732708289916435e-01,-1.441132870682141132e+00,0.000000000000000000e+00,0.000000000000000000e+00,0.000000000000000000e+00,1.000000000000000000e+00
9.986446705213976038e-01,8.959882075568758458e-03,5.126931394509847556e-02,3.357268550891964409e+00,-7.708171401751683777e-03,9.996686334324035306e-01,-2.456028145262358769e-02,-2.589437803974754981e+00,-5.147238223407175212e-02,2.413180151962904252e-02,9.983828173714563992e-01,-1.451478214268322464e+00,0.000000000000000000e+00,0.000000000000000000e+00,0.000000000000000000e+00,1.000000000000000000e+00
9.987762562075586104e-01,8.886953150650259148e-03,4.865194857055234190e-02,3.170713172814690672e+00,-7.640876544381350333e-03,9.996395108467880375e-01,-2.573840242959828453e-02,-2.597884645460609931e+00,-4.886314604737444778e-02,2.533516168672652127e-02,9.984841123125898221e-01,-1.461823557854503797e+00,0.000000000000000000e+00,0.000000000000000000e+00,0.000000000000000000e+00,1.000000000000000000e+00
9.989010002484418616e-01,8.810869949083886821e-03,4.603433798158598766e-02,2.984157794737416936e+00,-7.576660769491781744e-03,9.996089673793155939e-01,-2.691665927343978026e-02,-2.606331486946465326e+00,-4.625349623808565347e-02,2.653829130895088428e-02,9.985771543451986698e-01,-1.472168901440685351e+00,0.000000000000000000e+00,0.000000000000000000e+00,0.000000000000000000e+00,1.000000000000000000e+00
9.990189011396765073e-01,8.731633433834245367e-03,4.341651463729529620e-02,2.797602416660143199e+00,-7.515524854249219962e-03,9.995770034175253116e-01,-2.809503737327903941e-02,-2.614778328432320720e+00,-4.364346516763410039e-02,2.774117546928990194e-02,9.986619423667568718e-01,-1.482514245026866684e+00,0.000000000000000000e+00,0.000000000000000000e+00,0.000000000000000000e+00,1.000000000000000000e+00
9.991299575466205951e-01,8.649244646049474711e-03,4.079851100151565130e-02,2.611047038582869906e+00,-7.457469499429203279e-03,9.995436193841764627e-01,-2.927352211548151992e-02,-2.623225169918176114e+00,-4.103308520636844009e-02,2.894379925706518433e-02,9.987384754794487174e-01,-1.492859588613048016e+00,0.000000000000000000e+00,0.000000000000000000e+00,0.000000000000000000e+00,1.000000000000000000e+00
9.992341683044112521e-01,8.563704705015797586e-03,3.818035954148003841e-02,2.424491660505596613e+00,-7.402495329389968681e-03,9.995088157372310489e-01,-3.045209888425131489e-02,-2.631672011404031508e+00,-3.842238873221907880e-02,3.014614776854832034e-02,9.988067529902002750e-01,-1.503204932199229571e+00,0.000000000000000000e+00,0.000000000000000000e+00,0.000000000000000000e+00,1.000000000000000000e+00
9.993315324180038761e-01,8.475014808107212555e-03,3.556209272647695846e-02,2.237936282428322876e+00,-7.350602892050594334e-03,9.994725929698319300e-01,-3.163075306223528393e-02,-2.640118852889886902e+00,-3.581140812935954681e-02,3.134820610757643733e-02,9.988667744106966007e-01,-1.513550275785410903e+00,0.000000000000000000e+00,0.000000000000000000e+00,0.000000000000000000e+00,1.000000000000000000e+00
9.994068897982345545e-01,8.084506251945908564e-03,3.347401055269175196e-02,2.042975719657498246e+00,-7.017672072417679464e-03,9.994675051474605221e-01,-3.186625853461601959e-02,-2.653504805933351030e+00,-3.371380878072781362e-02,3.161244870257959999e-02,9.989314451875680456e-01,-1.491853155983704493e+00,0.000000000000000000e+00,0.000000000000000000e+00,0.000000000000000000e+00,1.000000000000000000e+00
9.994777331621955696e-01,7.693441563508705491e-03,3.138585461426689205e-02,1.848015156886673171e+00,-6.685232580328973398e-03,9.994622252855337452e-01,-3.210245929264476245e-02,-2.666890758976815157e+00,-3.161595448987630785e-02,3.187587150491547755e-02,9.989916717558240400e-01,-1.470156036181998083e+00,0.000000000000000000e+00,0.000000000000000000e+00,0.000000000000000000e+00,1.000000000000000000e+00
9.995440619147241135e-01,7.301823415720265324e-03,2.929763925335614541e-02,1.653054594115848541e+00,-6.353286711185061018e-03,9.994567534157028366e-01,-3.233935373053119233e-02,-2.680276712020279284e+00,-2.951785966122264307e-02,3.213847268537479984e-02,9.990474535949089852e-01,-1.448458916380291672e+00,0.000000000000000000e+00,0.000000000000000000e+00,0.000000000000000000e+00,1.000000000000000000e+00
9.996058755226648884e-01,6.909654489182351193e-03,2.720937881332374450e-02,1.458094031345023467e+00,-6.021836753668003035e-03,9.994510895722580335e-01,-3.257694023291087676e-02,-2.693662665063743411e+00,-2.741953870288488596e-02,3.240025042598585620e-02,9.990987902453163372e-01,-1.426761796578585262e+00,0.000000000000000000e+00,0.000000000000000000e+00,0.000000000000000000e+00,1.000000000000000000e+00
9.996631735148833187e-01,6.516937472112664491e-03,2.512108763841597661e-02,1.263133468574198837e+00,-5.690884989688736566e-03,9.994452337921271301e-01,-3.281521717488182499e-02,-2.707048618107207538e+00,-2.532100602635166745e-02,3.266120292005635084e-02,9.991456813086010413e-01,-1.405064676776878851e+00,0.000000000000000000e+00,0.000000000000000000e+00,0.000000000000000000e+00,1.000000000000000000e+00
9.997159554822784289e-01,6.123675060283425252e-03,2.303278007343274175e-02,1.068172905803373984e+00,-5.360433694334711639e-03,9.994391861148754774e-01,-3.305418292204168745e-02,-2.720434571150671221e+00,-2.322227604615229729e-02,3.292132837221508485e-02,9.991881264473897462e-01,-1.383367556975172441e+00,0.000000000000000000e+00,0.000000000000000000e+00,0.000000000000000000e+00,1.000000000000000000e+00
9.997642210777919480e-01,5.729869956959685387e-03,2.094447046339912785e-02,8.732123430325491320e-01,-5.030485135817752348e-03,9.994329465827052061e-01,-3.329383583052499679e-02,-2.733820524194135348e+00,-2.112336317952670170e-02,3.318062499845299967e-02,9.992261253853893521e-01,-1.361670437173466253e+00,0.000000000000000000e+00,0.000000000000000000e+00,0.000000000000000000e+00,1.000000000000000000e+00
9.998079700164159700e-01,5.335524872837389514e-03,1.885617315323692353e-02,6.782517802617242797e-01,-4.701041575422166933e-03,9.994265152404530062e-01,-3.353417424704096400e-02,-2.747206477237599476e+00,-1.902428184609531239e-02,3.343909102616406809e-02,9.992596779073917856e-01,-1.339973317371759842e+00,0.000000000000000000e+00,0.000000000000000000e+00,0.000000000000000000e+00,1.000000000000000000e+00
9.998472020751983935e-01,4.940642525981186854e-03,1.676790248743618983e-02,4.832912174908994274e-01,-4.372105267453087717e-03,9.994198921355903487e-01,-3.377519650891145503e-02,-2.760592430281063603e+00,-1.692504646752886893e-02,3.369672469418565769e-02,9.992887838592788841e-01,-1.318276197570053432e+00,0.000000000000000000e+00,0.000000000000000000e+00,0.000000000000000000e+00,1.000000000000000000e+00
9.998819170932460310e-01,4.545225641761972517e-03,1.467967280972678687e-02,2.883306547200746306e-01,-4.043678459185050429e-03,9.994130773182214877e-01,-3.401690094410927262e-02,-2.773978383324527730e+00,-1.482567146721811349e-02,3.395352425283845038e-02,9.993134431480235058e-01,-1.296579077768347021e+00,0.000000000000000000e+00,0.000000000000000000e+00,0.000000000000000000e+00,1.000000000000000000e+00
9.999085916638371652e-01,4.745812875307637430e-03,1.266039402997650061e-02,9.670753228185774431e-02,-4.305569104639325392e-03,9.993927701509485173e-01,-3.457677030462174422e-02,-2.765319826985961349e+00,-1.281680114251897325e-02,3.451909949819028517e-02,9.993218507459481481e-01,-1.313556115488798692e+00,0.000000000000000000e+00,0.000000000000000000e+00,0.000000000000000000e+00,1.000000000000000000e+00
9.999311551021573541e-01,4.945258351730677689e-03,1.064093397688688387e-02,-9.491559015635914198e-02,-4.568586759153981346e-03,9.993720939851519214e-01,-3.513610363653150992e-02,-2.756661270647394968e+00,-1.080800958039502581e-02,3.508507066499422233e-02,9.993258851572608403e-01,-1.330533153209250363e+00,0.000000000000000000e+00,0.000000000000000000e+00,0.000000000000000000e+00,1.000000000000000000e+00
9.999496071627469451e-01,5.143560719656589675e-03,8.621306060640959723e-03,-2.865387125945760283e-01,-4.832729701818605852e-03,9.993510489495951443e-01,-3.569489721196767579e-02,-2.748002714308828587e+00,-8.799310126208700900e-03,3.565143400295398696e-02,9.993255462534897937e-01,-1.347510190929702256e+00,0.000000000000000000e+00,0.000000000000000000e+00,0.000000000000000000e+00,1.000000000000000000e+00
9.999639476547617090e-01,5.340718642861355669e-03,6.601523694008150193e-03,-4.781618350327929146e-01,-5.097996196727407406e-03,9.993296351779465958e-01,-3.625314731013104530e-02,-2.739344157970262206e+00,-6.790716124453351731e-03,3.621818575646358618e-02,9.993208339642615234e-01,-1.364487228650153927e+00,0.000000000000000000e+00,0.000000000000000000e+00,0.000000000000000000e+00,1.000000000000000000e+00
9.999741764419763923e-01,5.536730800301466714e-03,4.581600292047379244e-03,-6.697849574710097453e-01,-5.364384493017242302e-03,9.993078528087753210e-01,-3.681085021737673380e-02,-2.730685601631695825e+00,-4.782240918457757867e-03,3.678532216469038163e-02,9.993117482773019589e-01,-1.381464266370605598e+00,0.000000000000000000e+00,0.000000000000000000e+00,0.000000000000000000e+00,1.000000000000000000e+00
9.999802934427887147e-01,5.731595886143401632e-03,2.561549271810053402e-03,-8.614080799092267426e-01,-5.631892824906121163e-03,9.992857019855480027e-01,-3.736800222729646376e-02,-2.722027045293129444e+00,-2.773897850090648910e-03,3.735283946165814800e-02,9.992982892384378868e-01,-1.398441304091057269e+00,0.000000000000000000e+00,0.000000000000000000e+00,0.000000000000000000e+00,1.000000000000000000e+00
9.999822986302229211e-01,5.925312609792644618e-03,5.413840520430107488e-04,-1.053031202347443740e+00,-5.900519411732242821e-03,9.992631828566269636e-01,-3.792459964080070745e-02,-2.713368488954563063e+00,-7.657002594652908504e-04,3.792073387633053405e-02,9.992804569515972846e-01,-1.415418341811508940e+00,0.000000000000000000e+00,0.000000000000000000e+00,0.000000000000000000e+00,1.000000000000000000e+00
9.999801920319286719e-01,6.117879695922169396e-03,-1.478881947108611405e-03,-1.244654324785660515e+00,-6.170262457993488762e-03,9.992402955752659466e-01,-3.848063876620057278e-02,-2.704709932615996681e+00,1.242338515355879665e-03,3.848900163269457220e-02,9.992582515788057673e-01,-1.432395379531960833e+00,0.000000000000000000e+00,0.000000000000000000e+00,0.000000000000000000e+00,1.000000000000000000e+00
9.999739737301798215e-01,6.309295884500423779e-03,-3.499235304398537472e-03,-1.436277447223877290e+00,-6.441120153387429326e-03,9.992170402996065626e-01,-3.903611591928935615e-02,-2.696051376277430300e+00,3.250205138656545381e-03,3.905763894984431300e-02,9.992316733401821471e-01,-1.449372417252412504e+00,0.000000000000000000e+00,0.000000000000000000e+00,0.000000000000000000e+00,1.000000000000000000e+00
9.999636438618717538e-01,6.499559930818803351e-03,-5.519662597776559855e-03,-1.627900569662094288e+00,-6.713090672851816480e-03,9.991934171926752928e-01,-3.959102742342396342e-02,-2.687392819938863919e+00,5.257886277361726278e-03,3.962664204206474416e-02,9.992007225139323268e-01,-1.466349454972864175e+00,0.000000000000000000e+00,0.000000000000000000e+00,0.000000000000000000e+00,1.000000000000000000e+00
9.998955102064999156e-01,7.294994523648000787e-03,-1.248005303606562234e-02,-2.106670207299236708e+00,-7.786418654553777310e-03,9.991776352088825863e-01,-3.979227290468780043e-02,-2.647962499443063944e+00,1.217950546693428136e-02,3.988528993607894091e-02,9.991300332255536043e-01,-1.425681134760120816e+00,0.000000000000000000e+00,0.000000000000000000e+00,0.000000000000000000e+00,1.000000000000000000e+00
9.997782919784238276e-01,8.088679817985543544e-03,-1.944068279427254090e-02,-2.585439844936378684e+00,-8.861213858044598643e-03,9.991609449889008454e-01,-3.998605879363974214e-02,-2.608532178947263969e+00,1.910093656518992503e-02,4.014946161144043735e-02,9.990110985142476308e-01,-1.385012814547377236e+00,0.000000000000000000e+00,0.000000000000000000e+00,0.000000000000000000e+00,1.000000000000000000e+00
9.996119851537920153e-01,8.880556846461698864e-03,-2.640103874834896780e-02,-3.064209482573521104e+00,-9.937397420590838790e-03,9.991433475288838961e-01,-4.017236887813804141e-02,-2.569101858451463549e+00,2.602166922778582914e-02,4.041913901696474881e-02,9.988439146992521556e-01,-1.344344494334633877e+00,0.000000000000000000e+00,0.000000000000000000e+00,0.000000000000000000e+00,1.000000000000000000e+00
9.993965929461353648e-01,9.670566890961745585e-03,-3.336060766329170674e-02,-3.542979120210663524e+00,-1.101489025147455066e-02,9.991248439590595387e-01,-4.035118804363646561e-02,-2.529671537955663574e+00,3.294119306285996779e-02,4.069430328427277310e-02,9.986284852134966750e-01,-1.303676174121890297e+00,0.000000000000000000e+00,0.000000000000000000e+00,0.000000000000000000e+00,1.000000000000000000e+00
9.991321258078006418e-01,1.045865149713360448e-02,-4.031887631924562648e-02,-4.021748757847806388e+00,-1.209361305136124123e-02,9.991054355434941803e-01,-4.052250227723607628e-02,-2.490241217459863599e+00,3.985899775645476012e-02,4.097493473217696941e-02,9.983648206049453577e-01,-1.263007853909146938e+00,0.000000000000000000e+00,0.000000000000000000e+00,0.000000000000000000e+00,1.000000000000000000e+00
9.988186014287163683e-01,1.124475248880252298e-02,-4.727533163763815438e-02,-4.500518395484947476e+00,-1.317348633175046552e-02,9.990851236798066193e-01,-4.068629867133224942e-02,-2.450810896964063623e+00,4.677457319794896262e-02,4.126101287136851870e-02,9.980529385353156258e-01,-1.222339533696403358e+00,0.000000000000000000e+00,0.000000000000000000e+00,0.000000000000000000e+00,1.000000000000000000e+00
9.984560447324891674e-01,1.202881198228531942e-02,-5.422946080728029139e-02,-4.979288033122090340e+00,-1.425443043449899777e-02,9.990639098988317590e-01,-4.084256542685468089e-02,-2.411380576468263648e+00,5.368740960543308405e-02,4.155251640940300223e-02,9.976928637761747209e-01,-1.181671213483659999e+00,0.000000000000000000e+00,0.000000000000000000e+00,0.000000000000000000e+00,1.000000000000000000e+00
9.980444878698357947e-01,1.281077240059685061e-02,-6.118075141036914688e-02,-5.458057670759233204e+00,-1.533636555140657255e-02,9.990417958642380247e-01,-4.099129185609882292e-02,-2.371950255972463228e+00,6.059699765096378254e-02,4.184942325598226681e-02,9.972846282024159237e-01,-1.141002893270916640e+00,0.000000000000000000e+00,0.000000000000000000e+00,0.000000000000000000e+00,1.000000000000000000e+00
9.975839702093499683e-01,1.359057648754129211e-02,-6.812869154832675023e-02,-5.936827308396374292e+00,-1.641921174385400223e-02,9.990187833720922672e-01,-4.113246838514720422e-02,-2.332519935476663253e+00,6.750282858563221022e-02,4.215171052852941663e-02,9.968282707831163103e-01,-1.100334573058173060e+00,0.000000000000000000e+00,0.000000000000000000e+00,0.000000000000000000e+00,1.000000000000000000e+00
9.970745383256141015e-01,1.436816732168107701e-02,-7.507276996741048258e-02,-6.415596946033518044e+00,-1.750288896248359399e-02,9.989948743503790363e-01,-4.126608655587971075e-02,-2.293089614980863278e+00,7.440439436438230081e-02,4.245935455805424641e-02,9.963238375697848204e-01,-1.059666252845429701e+00,0.000000000000000000e+00,0.000000000000000000e+00,0.000000000000000000e+00,1.000000000000000000e+00
9.977347663042356318e-01,1.148859582622031514e-02,-6.628233757023342665e-02,-5.444830692920505477e+00,-1.332597824483553600e-02,9.995372184165067786e-01,-2.734533422744800379e-02,-1.815003610137250867e+00,6.593750383242298618e-02,2.816666764341182322e-02,9.974261298072228943e-01,-8.609092665592192883e-01,0.000000000000000000e+00,0.000000000000000000e+00,0.000000000000000000e+00,1.000000000000000000e+00
9.983081569882698014e-01,8.481486549023828023e-03,-5.752293522241969104e-02,-4.474064439807493798e+00,-9.265400302601098717e-03,9.998676240489233757e-01,-1.337485461578188234e-02,-1.336917605293638234e+00,5.740188191964200326e-02,1.388519948288357425e-02,9.982545893645587975e-01,-6.621522802730087642e-01,0.000000000000000000e+00,0.000000000000000000e+00,0.000000000000000000e+00,1.000000000000000000e+00
9.987943312139690999e-01,5.347946194051314203e-03,-4.879839553044392625e-02,-3.503298186694481231e+00,-5.323086020411527813e-03,9.999856278647438756e-01,6.393896880163856987e-04,-8.588316004500256007e-01,4.880111361495163141e-02,-3.788607387608158286e-04,9.988084439843712969e-01,-4.633952939867982401e-01,0.000000000000000000e+00,0.000000000000000000e+00,0.000000000000000000e+00,1.000000000000000000e+00
9.991929845652918196e-01,2.089192685342832964e-03,-4.011252758712792466e-02,-2.532531933581468664e+00,-1.500867376307430225e-03,9.998909493126439951e-01,1.469138794595146666e-02,-3.807455956064131897e-01,4.013884642865717112e-02,-1.461932818508504539e-02,9.990871574846679204e-01,-2.646383077005878270e-01,0.000000000000000000e+00,0.000000000000000000e+00,0.000000000000000000e+00,1.000000000000000000e+00
9.995038879472162296e-01,-1.293446387703544795e-03,-3.146911144028082669e-02,-1.561765680468456097e+00,2.199525376349585094e-03,9.995834914064737342e-01,2.877508984804348288e-02,9.734040923719922134e-02,3.141878524891551089e-02,-2.883003128833400500e-02,9.990904309567759656e-01,-6.588132141437741396e-02,0.000000000000000000e+00,0.000000000000000000e+00,0.000000000000000000e+00,1.000000000000000000e+00
9.997268879972478484e-01,-4.798535564771334340e-03,-2.287189261455249700e-02,-5.909994273554444177e-01,5.776466311971856400e-03,9.990633410633847911e-01,4.288441418759381119e-02,5.754264140808120764e-01,2.264468706528422609e-02,-4.300482065652719288e-02,9.988182034524676345e-01,1.328756648718332212e-01,0.000000000000000000e+00,0.000000000000000000e+00,0.000000000000000000e+00,1.000000000000000000e+00
9.998619073336310059e-01,-8.424533543716463888e-03,-1.432457670315354786e-02,3.797668257575681494e-01,9.228436212646960388e-03,9.983307690448509630e-01,5.701325761071480980e-02,1.053512418924424487e+00,1.382035557512322280e-02,-5.713757794033118287e-02,9.982706521574646885e-01,3.316326511580436343e-01,0.000000000000000000e+00,0.000000000000000000e+00,0.000000000000000000e+00,1.000000000000000000e+00
9.999089446394289205e-01,-1.216979543829121990e-02,-5.830824045832658058e-03,1.350533078870580717e+00,1.255402471753554183e-02,9.973862295005552214e-01,7.115550341370031895e-02,1.531598423768036898e+00,4.949635689100842333e-03,-7.122222463287534999e-02,9.974481920505392507e-01,5.303896374442540473e-01,0.000000000000000000e+00,0.000000000000000000e+00,0.000000000000000000e+00,1.000000000000000000e+00
9.998680745823081972e-01,-1.603257525756175347e-02,2.605755490845153115e-03,2.321299331983593284e+00,1.575193223538488493e-02,9.962303591167327443e-01,8.530503036162180586e-02,2.009684428611649754e+00,-3.963592047536357819e-03,-8.525273077594637539e-02,9.963514750495050531e-01,7.291466237304644604e-01,0.000000000000000000e+00,0.000000000000000000e+00,0.000000000000000000e+00,1.000000000000000000e+00
