9.994027671278734593e-01,7.120321986786681649e-03,-3.381434713186117630e-02,3.291214132479105148e-03,-5.269451891644841811e-03,9.984991419169235716e-01,5.451326873275001011e-02,-1.837428025975407775e-01,3.415174862157378116e-02,-5.430252854123702316e-02,9.979403256007430834e-01,4.541263274562080121e-01,0.000000000000000000e+00,0.000000000000000000e+00,0.000000000000000000e+00,1.000000000000000000e+00
9.962728647821367245e-01,8.778741553079210530e-03,-8.580974650666781112e-02,1.958969438545233865e+00,-1.695709562166217849e-02,9.953281199070185270e-01,-9.504941152073304034e-02,3.647904793572144921e+00,8.457443944166673222e-02,9.615023358840110723e-02,9.917672593779368606e-01,1.018927193219333560e+00,0.000000000000000000e+00,0.000000000000000000e+00,0.000000000000000000e+00,1.000000000000000000e+00
9.966224828537568747e-01,7.332969413108919414e-03,-8.179152908461650995e-02,1.794760914928264395e+00,-1.513512951092736356e-02,9.953447089380516033e-01,-9.518318256768371066e-02,3.648292009392999358e+00,8.071279034391459772e-02,9.609962512211980834e-02,9.920939005589579640e-01,1.016956341442846856e+00,0.000000000000000000e+00,0.000000000000000000e+00,0.000000000000000000e+00,1.000000000000000000e+00
9.969538144721219464e-01,5.886930991258265862e-03,-7.777169056276385384e-02,1.630552391311294924e+00,-1.331254970520779832e-02,9.953586561037980340e-01,-9.530960990156195356e-02,3.648679225213853350e+00,7.684964430517880751e-02,9.605461864348693868e-02,9.924049790319585673e-01,1.014985489666359930e+00,0.000000000000000000e+00,0.000000000000000000e+00,0.000000000000000000e+00,1.000000000000000000e+00
9.972668487485070177e-01,4.440666090221428650e-03,-7.375034150360194884e-02,1.466343867694325453e+00,-1.148940634481934210e-02,9.953699607654316051e-01,-9.542868933222869998e-02,3.649066441034707786e+00,7.298510758412553312e-02,9.601521593215603390e-02,9.927004847286190481e-01,1.013014637889873226e+00,0.000000000000000000e+00,0.000000000000000000e+00,0.000000000000000000e+00,1.000000000000000000e+00
9.975615758009319656e-01,2.994214529553856745e-03,-6.972759256501490088e-02,1.302135344077355983e+00,-9.665749606646529407e-03,9.953786224296237162e-01,-9.554041707385661775e-02,3.649453656855561778e+00,6.911928652773641213e-02,9.598141845928236104e-02,9.929804084373674566e-01,1.011043786113386300e+00,0.000000000000000000e+00,0.000000000000000000e+00,0.000000000000000000e+00,1.000000000000000000e+00
9.978379867551845361e-01,1.547616142018276401e-03,-6.570355449013001725e-02,1.137926820460386512e+00,-7.841629699539890558e-03,9.953846407486044434e-01,-9.564478974532429623e-02,3.649840872676416215e+00,6.525228756155460053e-02,9.595322738735244383e-02,9.932447418043226506e-01,1.009072934336899596e+00,0.000000000000000000e+00,0.000000000000000000e+00,0.000000000000000000e+00,1.000000000000000000e+00
9.980960737457038601e-01,1.009107699284968879e-04,-6.167833809715608795e-02,9.737182968434170416e-01,-6.017096859708412522e-03,9.953880155202047275e-01,-9.574180437055435089e-02,3.650228088497270651e+00,6.138421717991907056e-02,9.593064357005598453e-02,9.934934773341209668e-01,1.007102082560412670e+00,0.000000000000000000e+00,0.000000000000000000e+00,0.000000000000000000e+00,1.000000000000000000e+00
9.983358299163266336e-01,-1.345861738508291475e-03,-5.765205426921104354e-02,8.095097732264475709e-01,-4.192201346107977782e-03,9.953887466878790224e-01,-9.583145837879600282e-02,3.650615304318124643e+00,5.751518193618904845e-02,9.591366755220051554e-02,9.937266083906242109e-01,1.005131230783925966e+00,0.000000000000000000e+00,0.000000000000000000e+00,0.000000000000000000e+00,1.000000000000000000e+00
9.985572494208928562e-01,-2.792661532850068424e-03,-5.362481394414036345e-02,6.453012496094781003e-01,-2.366993435826639496e-03,9.953868343407062946e-01,-9.591374960485193890e-02,3.651002520138979079e+00,5.364528843296011845e-02,9.590229956966841995e-02,9.939441291975088522e-01,1.003160379007439040e+00,0.000000000000000000e+00,0.000000000000000000e+00,0.000000000000000000e+00,1.000000000000000000e+00
9.987603274237126794e-01,-4.239448764078594493e-03,-4.959672810432859402e-02,4.810927259925086297e-01,-5.415234194676848967e-04,9.953822787133713712e-01,-9.598867628924889761e-02,3.651389735959833072e+00,4.977464331227410277e-02,9.589653954941648739e-02,9.941460348387367585e-01,1.001189527230952336e+00,0.000000000000000000e+00,0.000000000000000000e+00,0.000000000000000000e+00,1.000000000000000000e+00
9.989450600998954766e-01,-5.686183588257457538e-03,-4.556790776650602309e-02,3.168842023755392701e-01,1.284158403468665683e-03,9.953750801861286357e-01,-9.605623707835295177e-02,3.651776951780687508e+00,4.590335324582475035e-02,9.589638710951825518e-02,9.943323212589091353e-01,9.992186754544655214e-01,0.000000000000000000e+00,0.000000000000000000e+00,0.000000000000000000e+00,1.000000000000000000e+00
9.991856724407551793e-01,-7.748807979512197831e-03,-3.959732268742944400e-02,1.168473009518349592e-01,3.883925574640903315e-03,9.952997064505041402e-01,-9.676471186166291094e-02,3.628743635037632309e+00,4.016101481843326743e-02,9.653212063575855595e-02,9.945193022633179725e-01,1.010447658314087116e+00,0.000000000000000000e+00,0.000000000000000000e+00,0.000000000000000000e+00,1.000000000000000000e+00
9.993864484212613419e-01,-9.807703647692992202e-03,-3.362343916223597962e-02,-8.318960047186935158e-02,6.487927708029689669e-03,9.952185254712779816e-01,-9.745764902166821619e-02,3.605710318294577110e+00,3.441850528411910526e-02,9.717970728467088815e-02,9.946715392460331318e-01,1.021676641173708600e+00,0.000000000000000000e+00,0.000000000000000000e+00,0.000000000000000000e+00,1.000000000000000000e+00
9.995473674581990542e-01,-1.186274523446051790e-02,-2.764661792853128491e-02,-2.832265018955736346e-01,9.096008151268382413e-03,9.951315409303792547e-01,-9.813500334356119181e-02,3.582677001551521911e+00,2.867617204398038855e-02,9.783911038552524364e-02,9.947890156389308514e-01,1.032905624033330305e+00,0.000000000000000000e+00,0.000000000000000000e+00,0.000000000000000000e+00,1.000000000000000000e+00
9.996684137864235709e-01,-1.391380781751524326e-02,-2.166722016671546180e-02,-4.832634033192779732e-01,1.170800972056519271e-02,9.950387572129127944e-01,-9.879673148725592879e-02,3.559643684808466713e+00,2.293436256185945460e-02,9.851029182881881896e-02,9.948717190762244034e-01,1.044134606892951789e+00,0.000000000000000000e+00,0.000000000000000000e+00,0.000000000000000000e+00,1.000000000000000000e+00
9.997495764632542414e-01,-1.596076693590215215e-02,-1.568560742725038509e-02,-6.833003047429823118e-01,1.432377473227062006e-02,9.949401794064505200e-01,-9.944279199660201185e-02,3.536610368065411514e+00,1.719342429428080687e-02,9.919321207359955983e-02,9.949196413980171405e-01,1.055363589752573272e+00,0.000000000000000000e+00,0.000000000000000000e+00,0.000000000000000000e+00,1.000000000000000000e+00
9.997908493714100508e-01,-1.800349861518201963e-02,-9.702141557797519175e-03,-8.833372061666865394e-01,1.694314503460376056e-02,9.948358133001113934e-01,-1.000731453080302286e-01,3.513577051322355871e+00,1.145370462037433555e-02,9.988783015522405273e-02,9.949327786525832273e-01,1.066592572612194978e+00,0.000000000000000000e+00,0.000000000000000000e+00,0.000000000000000000e+00,1.000000000000000000e+00
9.997922312204883255e-01,-2.004187939245859196e-02,-3.717184630257082314e-03,-1.083374107590390878e+00,1.956596203952409158e-02,9.947256653834311013e-01,-1.006877537586272908e-01,3.490543734579300672e+00,5.715550771813517408e-03,1.005941036935475985e-01,9.949111310973791644e-01,1.077821555471816461e+00,0.000000000000000000e+00,0.000000000000000000e+00,0.000000000000000000e+00,1.000000000000000000e+00
9.997537255469808315e-01,-2.207578634125100317e-02,2.268901132260684426e-03,-1.283411009014095328e+00,2.219206675473518395e-02,9.946097428450163536e-01,-1.012865815936351138e-01,3.467510417836245473e+00,-2.069023720179105283e-05,1.013119889015419578e-01,9.948547031987777789e-01,1.089050538331437945e+00,0.000000000000000000e+00,0.000000000000000000e+00,0.000000000000000000e+00,1.000000000000000000e+00
9.996753407128287083e-01,-2.410509709620087607e-02,8.255753428501141911e-03,-1.483447910437799333e+00,2.482129981580681946e-02,9.944880535709892388e-01,-1.018695949733721268e-01,3.444477101093190274e+00,-5.754671679888330796e-03,1.020414405943378539e-01,9.947635036305305656e-01,1.100279521191059651e+00,0.000000000000000000e+00,0.000000000000000000e+00,0.000000000000000000e+00,1.000000000000000000e+00
9.995570899025245648e-01,-2.612968987760387260e-02,1.424300995213682343e-02,-1.683484811861504005e+00,2.745350151840194805e-02,9.943606061432236354e-01,-1.024367619795741591e-01,3.421443784350135076e+00,-1.148604718671854437e-02,1.027824121986883332e-01,9.946375452709611542e-01,1.111508504050681134e+00,0.000000000000000000e+00,0.000000000000000000e+00,0.000000000000000000e+00,1.000000000000000000e+00
9.993850986026492356e-01,-2.881173578100765589e-02,1.998270683011268978e-02,-1.912150178768272868e+00,3.071733966595079426e-02,9.942349053632111300e-01,-1.027297328004553589e-01,3.392339004963860205e+00,-1.690768271583764637e-02,1.032803797373525734e-01,9.945085688049594141e-01,1.121184901906246756e+00,0.000000000000000000e+00,0.000000000000000000e+00,0.000000000000000000e+00,1.000000000000000000e+00
9.991729854270096078e-01,-3.149082731405916658e-02,2.572300503349382247e-02,-2.140815545675041953e+00,3.398271569856738117e-02,9.941002763356119321e-01,-1.030039592598776949e-01,3.363234225577585335e+00,-2.232756651826134711e-02,1.037929110514600878e-01,9.943482847517949308e-01,1.130861299761812377e+00,0.000000000000000000e+00,0.000000000000000000e+00,0.000000000000000000e+00,1.000000000000000000e+00
9.989207547096050632e-01,-3.416680188017692799e-02,3.146355764489526530e-02,-2.369480912581810372e+00,3.724943252488753520e-02,9.939567253105412448e-01,-1.032594208124322371e-01,3.334129446191310908e+00,-2.774537055017935530e-02,1.043199782363179590e-01,9.941566961771203248e-01,1.140537697617377999e+00,0.000000000000000000e+00,0.000000000000000000e+00,0.000000000000000000e+00,1.000000000000000000e+00
9.986284156364513276e-01,-3.683949722035760599e-02,3.720401763227165759e-02,-2.598146279488579680e+00,4.051729284375578388e-02,9.938042596184649691e-01,-1.034960991767723271e-01,3.305024666805036038e+00,-3.316076693993148805e-02,1.048615516228241784e-01,9.939338099326380238e-01,1.150214095472943621e+00,0.000000000000000000e+00,0.000000000000000000e+00,0.000000000000000000e+00,1.000000000000000000e+00
9.982959822449488652e-01,-3.950875144596151939e-02,4.294403791882686616e-02,-2.826811646395348099e+00,4.378609918393517458e-02,9.936428876689912260e-01,-1.037139783398681597e-01,3.275919887418761167e+00,-3.857342805412809772e-02,1.054175997830024830e-01,9.936796366556694959e-01,1.159890493328509242e+00,0.000000000000000000e+00,0.000000000000000000e+00,0.000000000000000000e+00,1.000000000000000000e+00
9.979234734217896641e-01,-4.217440307139436184e-02,4.868327145295416047e-02,-3.055477013302117406e+00,4.705565394387836720e-02,9.934726189493423565e-01,-1.039130445605768310e-01,3.246815108032486297e+00,-4.398302656371459729e-02,1.059880895360701542e-01,9.933941907675870597e-01,1.169566891184074864e+00,0.000000000000000000e+00,0.000000000000000000e+00,0.000000000000000000e+00,1.000000000000000000e+00
9.975109128993931984e-01,-4.483629104667092441e-02,5.442137127817706782e-02,-3.284142380208885825e+00,5.032575943154263959e-02,9.932934640224939660e-01,-1.040932863725259339e-01,3.217710328646211426e+00,-4.938923550995173023e-02,1.065729859550365310e-01,9.930774904710960582e-01,1.179243289039640485e+00,0.000000000000000000e+00,0.000000000000000000e+00,0.000000000000000000e+00,1.000000000000000000e+00
9.970583292508813367e-01,-4.749425478984711790e-02,6.015799060306171314e-02,-3.512807747115655133e+00,5.359621790423245435e-02,9.931054345249940019e-01,-1.042546945863096208e-01,3.188605549259937000e+00,-5.479172837028422477e-02,1.071722523738292410e-01,9.927295577463769449e-01,1.188919686895206107e+00,0.000000000000000000e+00,0.000000000000000000e+00,0.000000000000000000e+00,1.000000000000000000e+00
9.965657558835886443e-01,-5.014813421930674336e-02,6.589278287107054599e-02,-3.741473114022423552e+00,5.686683160845252410e-02,9.929085431644552040e-01,-1.043972622909962178e-01,3.159500769873662129e+00,-6.019017912406938314e-02,1.077858503949453983e-01,9.923504183460855055e-01,1.198596084750771729e+00,0.000000000000000000e+00,0.000000000000000000e+00,0.000000000000000000e+00,1.000000000000000000e+00
9.960332310311138526e-01,-5.279776978588904268e-02,7.162540183032839458e-02,-3.970138480929192859e+00,6.013740281975427093e-02,9.927028037167249241e-01,-1.045209848549466941e-01,3.130395990487387259e+00,-6.558426231813818674e-02,1.084137398976238870e-01,9.919401017892138794e-01,1.208272482606337350e+00,0.000000000000000000e+00,0.000000000000000000e+00,0.000000000000000000e+00,1.000000000000000000e+00
9.960475381904848602e-01,-5.251661574750961931e-02,7.163313992212574921e-02,-3.984826488836949565e+00,5.910891707410619728e-02,9.938866837422918321e-01,-9.324910617306653160e-02,2.922972143049683336e+00,-6.629809640555947570e-02,9.711469996956084705e-02,9.930625848670471267e-01,1.166612938580556147e+00,0.000000000000000000e+00,0.000000000000000000e+00,0.000000000000000000e+00,1.000000000000000000e+00
9.960615352628957586e-01,-5.223547891061122023e-02,7.164406962688583957e-02,-3.999514496744705827e+00,5.807210298387772279e-02,9.949421181240021284e-01,-8.196226227938113729e-02,2.715548295611979412e+00,-6.700036436283669794e-02,8.579997858917712272e-02,9.940569977870201690e-01,1.124953394554774944e+00,0.000000000000000000e+00,0.000000000000000000e+00,0.000000000000000000e+00,1.000000000000000000e+00
9.960752193147199840e-01,-5.195441396996305222e-02,7.165819099147330284e-02,-4.014202504652462089e+00,5.702715654685703434e-02,9.958688141300890972e-01,-7.066263835514870195e-02,2.508124448174275933e+00,-6.769092172007276642e-02,7.447176587249680624e-02,9.949230599420838539e-01,1.083293850528993518e+00,0.000000000000000000e+00,0.000000000000000000e+00,0.000000000000000000e+00,1.000000000000000000e+00
9.960885875318291616e-01,-5.167347563492116075e-02,7.167550282106857629e-02,-4.028890512560218795e+00,5.597427707724195872e-02,9.966665288868900019e-01,-5.935242625401646044e-02,2.300700600736572010e+00,-6.836962845098651376e-02,6.313225888850743095e-02,9.956605404419263117e-01,1.041634306503212315e+00,0.000000000000000000e+00,0.000000000000000000e+00,0.000000000000000000e+00,1.000000000000000000e+00
9.961016372215154568e-01,-5.139271859396451342e-02,7.169600267893638801e-02,-4.043578520467975501e+00,5.491366707908464789e-02,9.973350695767480012e-01,-4.803382308614238122e-02,2.093276753298868087e+00,-6.903634906731334620e-02,5.178366024012732299e-02,9.962692583029907345e-01,9.999747624774311117e-01,0.000000000000000000e+00,0.000000000000000000e+00,0.000000000000000000e+00,1.000000000000000000e+00
9.961143658142962432e-01,-5.111219747922367274e-02,7.171968688740175402e-02,-4.058266528375732207e+00,5.384553211653525517e-02,9.978742935873815556e-01,-3.670902979610250749e-02,1.885852905861164164e+00,-6.969095270886511984e-02,4.042817663868619737e-02,9.967490825900977569e-01,9.583152184516499084e-01,0.000000000000000000e+00,0.000000000000000000e+00,0.000000000000000000e+00,1.000000000000000000e+00
9.961267708656005304e-01,-5.083196683105074137e-02,7.174655053003328731e-02,-4.072954536283488913e+00,5.277008068105926847e-02,9.982841086124866203e-01,-2.538024973651605010e-02,1.678429058423460463e+00,-7.033331322912461658e-02,2.906801747385578949e-02,9.970999325094520582e-01,9.166556744258687051e-01,0.000000000000000000e+00,0.000000000000000000e+00,0.000000000000000000e+00,1.000000000000000000e+00
9.961388500573314930e-01,-5.055208106267815305e-02,7.177658745503084914e-02,-4.087642544191244731e+00,5.168752405580798182e-02,9.985644727034190815e-01,-1.404968723932881018e-02,1.471005210985756539e+00,-7.096330927625590923e-02,1.770539338097587914e-02,9.973217774528877477e-01,8.749961304000873907e-01,0.000000000000000000e+00,0.000000000000000000e+00,0.000000000000000000e+00,1.000000000000000000e+00
9.961506011993102039e-01,-5.027259442501526288e-02,7.180979027981343465e-02,-4.102330552099001437e+00,5.059807617732825502e-02,9.987153942719074751e-01,-2.719546186700345057e-03,1.263581363548052616e+00,-7.158082436942278526e-02,6.342514807726806932e-03,9.974146369933155620e-01,8.333365863743060764e-01,0.000000000000000000e+00,0.000000000000000000e+00,0.000000000000000000e+00,1.000000000000000000e+00
9.961620222305890282e-01,-4.999356097162960949e-02,7.184615039679889681e-02,-4.117018560006758143e+00,4.950195349480061152e-02,9.987369320438141962e-01,8.607971416560826483e-03,1.056157516110348693e+00,-7.218574697031326926e-02,-5.018409417901552490e-03,9.973785808313974099e-01,7.916770423485248731e-01,0.000000000000000000e+00,0.000000000000000000e+00,0.000000000000000000e+00,1.000000000000000000e+00
9.965136099337165154e-01,-4.744729850005374727e-02,6.862491589735880693e-02,-3.999498397835135499e+00,4.703084548017802402e-02,9.988639714662309599e-01,7.672423354338448603e-03,1.037675689224253794e+00,-6.891099179588397461e-02,-4.418186478112666807e-03,9.976130286027504734e-01,7.679085972499397617e-01,0.000000000000000000e+00,0.000000000000000000e+00,0.000000000000000000e+00,1.000000000000000000e+00
9.968483014201913184e-01,-4.490259783918352371e-02,6.540046378254438242e-02,-3.881978235663512411e+00,4.455629419571253275e-02,9.989841059005475365e-01,6.744835478245850280e-03,1.019193862338158896e+00,-6.563688447225737854e-02,-3.809575485016930205e-03,9.978363024722037844e-01,7.441401521513546502e-01,0.000000000000000000e+00,0.000000000000000000e+00,0.000000000000000000e+00,1.000000000000000000e+00
9.971660863147632226e-01,-4.235952617216667826e-02,6.217287870259603083e-02,-3.764458073491889767e+00,4.207836451499502584e-02,9.990973315451874281e-01,5.825232959199145959e-03,1.000712035452063997e+00,-6.236351131424047040e-02,-3.192591698801971849e-03,9.980483955273928842e-01,7.203717070527695387e-01,0.000000000000000000e+00,0.000000000000000000e+00,0.000000000000000000e+00,1.000000000000000000e+00
9.974669551318949834e-01,-3.981815060339916057e-02,5.894224548175018563e-02,-3.646937911320266679e+00,3.959712149646014978e-02,9.992036449621967131e-01,4.913640550019218907e-03,9.822302085659690984e-01,-5.909095860705299019e-02,-2.567250822425239110e-03,9.982493014443406532e-01,6.966032619541843163e-01,0.000000000000000000e+00,0.000000000000000000e+00,0.000000000000000000e+00,1.000000000000000000e+00
9.977508992766942475e-01,-3.727853815262358733e-02,5.570864911080953413e-02,-3.529417749148644035e+00,3.711263037769337719e-02,9.993030430775864392e-01,4.010082583212124310e-03,9.637483816798741998e-01,-5.581931259874688828e-02,-1.933569000283614928e-03,9.984390144880780360e-01,6.728348168555992048e-01,0.000000000000000000e+00,0.000000000000000000e+00,0.000000000000000000e+00,1.000000000000000000e+00
9.980179110457250147e-01,-3.474075574903823932e-02,5.247217473969022217e-02,-3.411897586977021390e+00,3.462495656971385088e-02,9.993955231816258333e-01,3.114582968804596296e-03,9.452665547937793011e-01,-5.254865949262976788e-02,-1.291562816824745868e-03,9.986175295131852758e-01,6.490663717570140934e-01,0.000000000000000000e+00,0.000000000000000000e+00,0.000000000000000000e+00,1.000000000000000000e+00
9.982679836277063012e-01,-3.220487022541763944e-02,4.923290766994804085e-02,-3.294377424805398302e+00,3.213416565123411450e-02,9.994810829290896592e-01,2.227165192235117282e-03,9.267847279076844025e-01,-4.927908543969403837e-02,-6.412492951003385738e-04,9.987848419642586517e-01,6.252979266584289819e-01,0.000000000000000000e+00,0.000000000000000000e+00,0.000000000000000000e+00,1.000000000000000000e+00
9.985011111040876797e-01,-2.967094831224583243e-02,4.599093334728430321e-02,-3.176857262633775658e+00,2.964032336289771849e-02,9.995597203394537278e-01,1.347852312300896810e-03,9.083029010215895038e-01,-4.601067653105277849e-02,1.735410473832350690e-05,9.989409478762945049e-01,6.015294815598437594e-01,0.000000000000000000e+00,0.000000000000000000e+00,0.000000000000000000e+00,1.000000000000000000e+00
9.987172884495130187e-01,-2.713905663186354233e-02,4.274633735403349927e-02,-3.059337100462152570e+00,2.714349560149584284e-02,9.996314337970478858e-01,4.766669591611582602e-04,8.898210741354946052e-01,-4.274351879038402330e-02,6.842294870023589697e-04,9.990858438750022108e-01,5.777610364612586480e-01,0.000000000000000000e+00,0.000000000000000000e+00,0.000000000000000000e+00,1.000000000000000000e+00
9.989165115321615440e-01,-2.460926169263006821e-02,3.949920540163338878e-02,-2.941816938290529926e+00,2.464374841416394971e-02,9.996962220511549368e-01,-3.863686676029033499e-04,8.713392472493997065e-01,-3.947769816638459217e-02,1.359358522084460263e-03,9.992195271770324405e-01,5.539925913626735365e-01,0.000000000000000000e+00,0.000000000000000000e+00,0.000000000000000000e+00,1.000000000000000000e+00
9.991214591335714212e-01,-2.215748422679970214e-02,3.557183986726281805e-02,-2.787962086113395799e+00,2.219885919512807476e-02,9.997532795480383871e-01,-7.685592862820942069e-04,8.860265558308947353e-01,-3.554603422659050743e-02,1.557538340065832937e-03,9.993668263080784930e-01,5.421766126597887814e-01,0.000000000000000000e+00,0.000000000000000000e+00,0.000000000000000000e+00,1.000000000000000000e+00
9.993049556865030159e-01,-1.970626582459117718e-02,3.164282900827046496e-02,-2.634107233936262116e+00,1.975224631270572004e-02,9.998042541126320737e-01,-1.141150246623304741e-03,9.007138644123898752e-01,-3.161414724452166203e-02,1.765374049235731487e-03,9.994985888676720664e-01,5.303606339569039152e-01,0.000000000000000000e+00,0.000000000000000000e+00,0.000000000000000000e+00,1.000000000000000000e+00
9.994669928263490988e-01,-1.725568584336429831e-02,2.771229973729910992e-02,-2.480252381759127989e+00,1.730398871682102893e-02,9.998491434072531714e-01,-1.504128408860456317e-03,9.154011729938849040e-01,-2.768216438689218364e-02,1.982860019599827321e-03,9.996148088343829174e-01,5.185446552540191600e-01,0.000000000000000000e+00,0.000000000000000000e+00,0.000000000000000000e+00,1.000000000000000000e+00
9.996075635758158162e-01,-1.480582360944248527e-02,2.378037908165295602e-02,-2.326397529581994306e+00,1.485416547402489129e-02,9.998879454876246076e-01,-1.857481253462934905e-03,9.300884815753800439e-01,-2.375021284307424554e-02,2.209989996075750404e-03,9.997154811915867079e-01,5.067286765511342939e-01,0.000000000000000000e+00,0.000000000000000000e+00,0.000000000000000000e+00,1.000000000000000000e+00
9.997266623458643808e-01,-1.235675840955469812e-02,1.984719416961562219e-02,-2.172542677404860179e+00,1.240285575898482720e-02,9.999206588031404053e-01,-2.201196882569200763e-03,9.447757901568750727e-01,-1.981841981138612527e-02,2.446757099083335212e-03,9.998006019281435730e-01,4.949126978482495387e-01,0.000000000000000000e+00,0.000000000000000000e+00,0.000000000000000000e+00,1.000000000000000000e+00
9.998242849364223916e-01,-9.908569482282652066e-03,1.591287221674982100e-02,-2.018687825227726051e+00,9.950138845956189512e-03,9.999472821970609715e-01,-2.535264021320017547e-03,9.594630987383701015e-01,-1.588691248537692224e-02,2.693153825235944029e-03,9.998701680389088242e-01,4.830967191453647280e-01,0.000000000000000000e+00,0.000000000000000000e+00,0.000000000000000000e+00,1.000000000000000000e+00
9.999004285368779943e-01,-7.461336009515265148e-03,1.197754051218215265e-02,-1.864832973050592146e+00,7.496094100236772896e-03,9.999678149066517641e-01,-2.859672019091016263e-03,9.741504073198652414e-01,-1.195581804011123725e-02,2.949172048132742054e-03,9.999241775250873321e-01,4.712807404424799174e-01,0.000000000000000000e+00,0.000000000000000000e+00,0.000000000000000000e+00,1.000000000000000000e+00
9.999550917263430039e-01,-5.015137107912268771e-03,8.041326404876009137e-03,-1.710978120873458241e+00,5.040800969606662116e-03,9.999822565632533466e-01,-3.174410850624285758e-03,9.888377159013602702e-01,-8.025263618456859871e-03,3.214803019251728702e-03,9.999626293944197108e-01,4.594647617395951622e-01,0.000000000000000000e+00,0.000000000000000000e+00,0.000000000000000000e+00,1.000000000000000000e+00
9.999882744736945384e-01,-2.570051820378941275e-03,4.104357289895613908e-03,-1.557123268696324336e+00,2.584338975755310144e-03,9.999906071922893824e-01,-3.479471117058745549e-03,1.003525024482855299e+00,-4.095376317378461584e-03,3.490037368943336906e-03,9.999855236612088527e-01,4.476487830367103515e-01,0.000000000000000000e+00,0.000000000000000000e+00,0.000000000000000000e+00,1.000000000000000000e+00
9.999999781373916097e-01,-1.261591075538546667e-04,1.667605946644226125e-04,-1.403268416519190431e+00,1.267877056977686991e-04,9.999928672132114560e-01,-3.774844046859091549e-03,1.018212333064350439e+00,-1.662831742405494046e-04,3.774865107524352781e-03,9.999928613461828153e-01,4.358328043338255409e-01,0.000000000000000000e+00,0.000000000000000000e+00,0.000000000000000000e+00,1.000000000000000000e+00
9.999308654750860281e-01,6.701778339588101811e-03,-9.661803006287626727e-03,-1.060379182669755727e+00,-6.753679583454785633e-03,9.999628861675698976e-01,-5.349214849640943244e-03,1.031331473458965364e+00,9.625595167536752511e-03,5.414097755916578124e-03,9.999390158720480315e-01,4.050682149124114617e-01,0.000000000000000000e+00,0.000000000000000000e+00,0.000000000000000000e+00,1.000000000000000000e+00
9.997184536744929684e-01,1.351493784690968938e-02,-1.950281614728294893e-02,-7.174899488203209108e-01,-1.365092068113583218e-02,9.998833151968407051e-01,-6.856263963170710317e-03,1.044450613853580290e+00,1.940787848369548985e-02,7.120565003530508925e-03,9.997862930680698756e-01,3.743036254909973826e-01,0.000000000000000000e+00,0.000000000000000000e+00,0.000000000000000000e+00,1.000000000000000000e+00
9.993626794125337609e-01,2.031181594646330052e-02,-2.935413310520534544e-02,-3.746007149708860950e-01,-2.056343789016999019e-02,9.997541337155846364e-01,-8.295609726710256870e-03,1.057569754248195215e+00,2.917841701563390552e-02,8.893944656774514096e-03,9.995346505894150413e-01,3.435390360695833034e-01,0.000000000000000000e+00,0.000000000000000000e+00,0.000000000000000000e+00,1.000000000000000000e+00
9.988635421127387559e-01,2.709091498538390708e-02,-3.921360176326352948e-02,-3.171148112145139031e-02,-2.748972550927331060e-02,9.995753428529596807e-01,-9.666899803610316810e-03,1.070688894642810141e+00,3.893506426626173328e-02,1.073388492778520886e-02,9.991840893874057716e-01,3.127744466481692243e-01,0.000000000000000000e+00,0.000000000000000000e+00,0.000000000000000000e+00,1.000000000000000000e+00
9.982211040029340676e-01,3.385074422468524469e-02,-4.907906517649186090e-02,3.111777527279833144e-01,-3.442827092511352438e-02,9.993469654717135331e-01,-1.096981146532701942e-02,1.083808035037425288e+00,4.867567857020978911e-02,1.264000466427034688e-02,9.987346537483401399e-01,2.820098572267551451e-01,0.000000000000000000e+00,0.000000000000000000e+00,0.000000000000000000e+00,1.000000000000000000e+00
9.974354901042004062e-01,4.058982093144686276e-02,-5.894836314391024845e-02,6.540669865774182412e-01,-4.137755571289697398e-02,9.990690461633934261e-01,-1.220405184326158778e-02,1.096927175432040213e+00,5.839812466012367365e-02,1.461189361171192323e-02,9.981864312848879317e-01,2.512452678053410660e-01,0.000000000000000000e+00,0.000000000000000000e+00,0.000000000000000000e+00,1.000000000000000000e+00
9.965068881510634746e-01,4.730667146271261281e-02,-6.881933378493829134e-02,9.969562204268527239e-01,-4.833605674380132833e-02,9.987416512197586638e-01,-1.336935814801242656e-02,1.110046315826655139e+00,6.810027522663764099e-02,1.664911270755230904e-02,9.975395528800385936e-01,2.204806783839269868e-01,0.000000000000000000e+00,0.000000000000000000e+00,0.000000000000000000e+00,1.000000000000000000e+00
9.954355484430237322e-01,5.399983233943705940e-02,-7.868981511764827630e-02,1.339845454276287651e+00,-5.530224729755855995e-02,9.983648685804338285e-01,-1.446549785569518562e-02,1.123165456221270064e+00,7.778001246963550663e-02,1.875119440692066611e-02,9.967941925836735217e-01,1.897160889625129077e-01,0.000000000000000000e+00,0.000000000000000000e+00,0.000000000000000000e+00,1.000000000000000000e+00
9.942217836276696641e-01,6.066785130883658311e-02,-8.855764663643787837e-02,1.682734688125722577e+00,-6.227459817848182005e-02,9.979388077568912552e-01,-1.549226886105376649e-02,1.136284596615884990e+00,8.743522963842394191e-02,2.091764303939243341e-02,9.959505674619362203e-01,1.589514995410988285e-01,0.000000000000000000e+00,0.000000000000000000e+00,0.000000000000000000e+00,1.000000000000000000e+00
9.928659684157613574e-01,6.730928839352680326e-02,-9.842067088670680697e-02,2.025623921975157060e+00,-6.925157883322398400e-02,9.974635997328969994e-01,-1.644949959715306595e-02,1.149403737010499915e+00,9.706383255846734448e-02,2.314793519621162129e-02,9.950089373996666708e-01,1.281869101196847216e-01,0.000000000000000000e+00,0.000000000000000000e+00,0.000000000000000000e+00,1.000000000000000000e+00
9.929416708150010651e-01,6.591133969557917693e-02,-9.860290897660160814e-02,2.091461607537794531e+00,-6.688059075940726295e-02,9.977394649923819747e-01,-6.553363746045088971e-03,9.824316099633174648e-01,9.794807266499276632e-02,1.310172875040764226e-02,9.951052807441853609e-01,7.923342268326892535e-02,0.000000000000000000e+00,0.000000000000000000e+00,0.000000000000000000e+00,1.000000000000000000e+00
9.930138938691703832e-01,6.451479050982017460e-02,-9.879903030021092158e-02,2.157299293100431559e+00,-6.450020891009589086e-02,9.979120872249515051e-01,3.345029281579646983e-03,8.154594829161351255e-01,9.880855040603503392e-02,3.050897542470698900e-03,9.951017849400347615e-01,3.027993524685312909e-02,0.000000000000000000e+00,0.000000000000000000e+00,0.000000000000000000e+00,1.000000000000000000e+00
9.930826244408118564e-01,6.311985897950082858e-02,-9.900901189365232669e-02,2.223136978663069030e+00,-6.211079868754908195e-02,9.979813833147057611e-01,1.324413997438631148e-02,6.484873558689527862e-01,9.964511889773733366e-02,-7.002996478245230791e-03,9.949983961395020282e-01,-1.867355218956265328e-02,0.000000000000000000e+00,0.000000000000000000e+00,0.000000000000000000e+00,1.000000000000000000e+00
9.931478504716216849e-01,6.172676288007005602e-02,-9.923282646354940340e-02,2.288974664225706057e+00,-5.971272853240542494e-02,9.979473022630949153e-01,2.314242763899605759e-02,4.815152288217703358e-01,1.004576386085824641e-01,-1.705838943624275739e-02,9.947950915615882961e-01,-6.762703962597846341e-02,0.000000000000000000e+00,0.000000000000000000e+00,0.000000000000000000e+00,1.000000000000000000e+00
9.932095609894071586e-01,6.033571950593102223e-02,-9.947044239838608026e-02,2.354812349788343528e+00,-5.730636973446737864e-02,9.978098252362161968e-01,3.303835119869451276e-02,3.145431017745878854e-01,1.012459774365655901e-01,-2.711371634013627629e-02,9.944918795239814369e-01,-1.165805270623942735e-01,0.000000000000000000e+00,0.000000000000000000e+00,0.000000000000000000e+00,1.000000000000000000e+00
9.932677461142024322e-01,5.894694555750143450e-02,-9.972182378322921870e-02,2.420650035350981000e+00,-5.489209624115064245e-02,9.975689655871027295e-01,4.293036999293591699e-02,1.475709747274056571e-01,1.020100107806322931e-01,-3.716741189428015429e-02,9.940887994508420533e-01,-1.655340144988100282e-01,0.000000000000000000e+00,0.000000000000000000e+00,0.000000000000000000e+00,1.000000000000000000e+00
9.933223970635361999e-01,5.756065702870104273e-02,-9.998693041780484791e-02,2.486487720913618027e+00,-5.247028446380534727e-02,9.972247688529711773e-01,5.281694457677230808e-02,-1.940115231977679322e-02,1.027496216063010503e-01,-4.721791131088647758e-02,9.935859218563835027e-01,-2.144875019352258383e-01,0.000000000000000000e+00,0.000000000000000000e+00,0.000000000000000000e+00,1.000000000000000000e+00
9.933735061568461644e-01,5.617706909498884627e-02,-1.002657178379093156e-01,2.552325406476255498e+00,-5.004131308212006468e-02,9.967773127274234257e-01,6.269653751933676467e-02,-1.863732793669592436e-01,1.034647005053976748e-01,-5.726365112174748584e-02,9.929833483042579401e-01,-2.634409893716416207e-01,0.000000000000000000e+00,0.000000000000000000e+00,0.000000000000000000e+00,1.000000000000000000e+00
9.934210668190340821e-01,5.479639600207201339e-02,-1.005581373401312484e-01,2.618163092038892525e+00,-4.760556284682160993e-02,9.962267070076386011e-01,7.256761420051102696e-02,-3.533454064141416939e-01,1.041551457498375854e-01,-6.730306998867879864e-02,9.922812113427974534e-01,-3.123944768080574308e-01,0.000000000000000000e+00,0.000000000000000000e+00,0.000000000000000000e+00,1.000000000000000000e+00
9.934650735831578316e-01,5.341885095540713918e-02,-1.008641360098553874e-01,2.684000777601529997e+00,-4.516341638088681304e-02,9.955730935166242634e-01,8.242864360491108933e-02,-5.203175334613240333e-01,1.048208633394003830e-01,-7.733460951180140541e-02,9.914796744161928910e-01,-3.613479642444732964e-01,0.000000000000000000e+00,0.000000000000000000e+00,0.000000000000000000e+00,1.000000000000000000e+00
9.937273144272654735e-01,5.130797782713498317e-02,-9.936556733831178323e-02,2.593230970806514435e+00,-4.336739625317679453e-02,9.958117178748446818e-01,8.048783439359141756e-02,-5.128535429267505608e-01,1.030790643311933485e-01,-7.567373358332782352e-02,9.917903974843499393e-01,-3.616872254874207160e-01,0.000000000000000000e+00,0.000000000000000000e+00,0.000000000000000000e+00,1.000000000000000000e+00
9.939830653725504339e-01,4.919937999394493472e-02,-9.786259122258725296e-02,2.502461164011498429e+00,-4.156776843256294179e-02,9.960432254102656868e-01,7.854943501930028438e-02,-5.053895523921770883e-01,1.013399545101764110e-01,-7.400887867361499728e-02,9.920952068714722349e-01,-3.620264867303681355e-01,0.000000000000000000e+00,0.000000000000000000e+00,0.000000000000000000e+00,1.000000000000000000e+00
9.942323223025216761e-01,4.709308874446436338e-02,-9.635522965278339735e-02,2.411691357216482867e+00,-3.976455933585790886e-02,9.962676123323435107e-01,7.661347426162247454e-02,-4.979255618576035602e-01,9.960355972433745930e-02,-7.234006918794906593e-02,9.923940977656623419e-01,-3.623657479733155551e-01,0.000000000000000000e+00,0.000000000000000000e+00,0.000000000000000000e+00,1.000000000000000000e+00
9.944750812924447736e-01,4.498913530097486263e-02,-9.484350474996135205e-02,2.320921550421466861e+00,-3.795779548731951364e-02,9.964848750608368277e-01,7.467998082974511287e-02,-4.904615713230300877e-01,9.786990574292074585e-02,-7.066732964997934907e-02,9.926870655297231893e-01,-3.627050092162629746e-01,0.000000000000000000e+00,0.000000000000000000e+00,0.000000000000000000e+00,1.000000000000000000e+00
9.947113386095478571e-01,4.288755081786969903e-02,-9.332743876505981973e-02,2.230151743626451299e+00,-3.614750351735032674e-02,9.966950102259960476e-01,7.274898336103849394e-02,-4.829975807884566152e-01,9.613901825515221156e-02,-6.899068470051702984e-02,9.929741057013969918e-01,-3.630442704592103942e-01,0.000000000000000000e+00,0.000000000000000000e+00,0.000000000000000000e+00,1.000000000000000000e+00
9.949410907132123505e-01,4.078836638011618110e-02,-9.180705407780345717e-02,2.139381936831435738e+00,-3.433371016118942631e-02,9.968980146687367316e-01,7.082051041964244897e-02,-4.755335902538831427e-01,9.441092286897082020e-02,-6.731015909632552530e-02,9.932552139935921787e-01,-3.633835317021578137e-01,0.000000000000000000e+00,0.000000000000000000e+00,0.000000000000000000e+00,1.000000000000000000e+00
9.951643342551496074e-01,3.869161300172292706e-02,-9.028237319560150631e-02,2.048612130036419732e+00,-3.251644225759613149e-02,9.970938854407978003e-01,6.889459049505772259e-02,-4.680695997193096702e-01,9.268564510976540216e-02,-6.562577770890173912e-02,9.935303862945956688e-01,-3.637227929451052333e-01,0.000000000000000000e+00,0.000000000000000000e+00,0.000000000000000000e+00,1.000000000000000000e+00
9.953810660795635590e-01,3.659732162421268364e-02,-8.875341875243747403e-02,1.957842323241403948e+00,-3.069572674752640493e-02,9.972826198048847512e-01,6.697125200074320606e-02,-4.606056091847361422e-01,9.096321041911822891e-02,-6.393756552324926512e-02,9.937996186682743760e-01,-3.640620541880526528e-01,0.000000000000000000e+00,0.000000000000000000e+00,0.000000000000000000e+00,1.000000000000000000e+00
9.955912832232994836e-01,3.450552311510022424e-02,-8.722021350774886161e-02,1.867072516446388164e+00,-2.887159067280146291e-02,9.974642152347961144e-01,6.505052327271867996e-02,-4.531416186501626697e-01,8.924364415355423574e-02,-6.224554763664302132e-02,9.940629073542620597e-01,-3.644013154310000724e-01,0.000000000000000000e+00,0.000000000000000000e+00,0.000000000000000000e+00,1.000000000000000000e+00
9.957949829159775668e-01,3.241624826637605483e-02,-8.568278034529815124e-02,1.776302709651372380e+00,-2.704406117476918295e-02,9.976386694155355839e-01,6.313243256817333005e-02,-4.456776281155891972e-01,8.752697158329701688e-02,-6.054974925738571684e-02,9.943202487681342960e-01,-3.647405766739474919e-01,0.000000000000000000e+00,0.000000000000000000e+00,0.000000000000000000e+00,1.000000000000000000e+00
9.963236931424751530e-01,2.850916517766179104e-02,-8.078567932382123284e-02,1.594379070709606605e+00,-2.361927551354092020e-02,9.978673447675298069e-01,6.085139333503152004e-02,-4.301706753620135326e-01,8.234821374598193244e-02,-5.871958572292611256e-02,9.948722440320533211e-01,-3.222135736541259510e-01,0.000000000000000000e+00,0.000000000000000000e+00,0.000000000000000000e+00,1.000000000000000000e+00
9.968134126964141029e-01,2.461042581876011354e-02,-7.587718503969068107e-02,1.412455431767841052e+00,-2.018204382986435452e-02,9.980782908251488728e-01,5.858677743653991493e-02,-4.146637226084378680e-01,7.717321669710022758e-02,-5.686872888124486908e-02,9.953945159081667438e-01,-2.796865706343044100e-01,0.000000000000000000e+00,0.000000000000000000e+00,0.000000000000000000e+00,1.000000000000000000e+00
9.972641007098169696e-01,2.072028654613453091e-02,-7.095761524238619611e-02,1.230531792826075277e+00,-1.673258761104837872e-02,9.982714897711882918e-01,5.633873642398370268e-02,-3.991567698548622034e-01,7.200231904097972868e-02,-5.499729480127722031e-02,9.958870235208724386e-01,-2.371595676144828690e-01,0.000000000000000000e+00,0.000000000000000000e+00,0.000000000000000000e+00,1.000000000000000000e+00
9.976757213989758677e-01,1.683900266057212353e-02,-6.602728921007154639e-02,1.048608153884309502e+00,-1.327112999794139055e-02,9.984469261003915408e-01,5.410741972462865257e-02,-3.836498171012865388e-01,6.683585893523720511e-02,-5.310540226828752708e-02,9.963497298691421644e-01,-1.946325645946613281e-01,0.000000000000000000e+00,0.000000000000000000e+00,0.000000000000000000e+00,1.000000000000000000e+00
9.980482440736218042e-01,1.296682835135352756e-02,-6.108652768054862597e-02,8.666845149425439487e-01,-9.797895736834717414e-03,9.986045866234529722e-01,5.189297460863426942e-02,-3.681428643477109297e-01,6.167417401708769759e-02,-5.119317275876520551e-02,9.967826018356263917e-01,-1.521055615748397871e-01,0.000000000000000000e+00,0.000000000000000000e+00,0.000000000000000000e+00,1.000000000000000000e+00
9.983816431444314521e-01,9.104016640771022545e-03,-5.613565278171694928e-02,6.847608760007781736e-01,-6.313111130829530092e-03,9.987444604702649942e-01,4.969554615666230829e-02,-3.526359115941352096e-01,5.651760132980448992e-02,-4.926073041443581463e-02,9.971856101944920336e-01,-1.095785585550182462e-01,0.000000000000000000e+00,0.000000000000000000e+00,0.000000000000000000e+00,1.000000000000000000e+00
9.986758981288711423e-01,5.250819329020217641e-03,-5.117498796157050889e-02,5.028372370590126206e-01,-2.817003990689409196e-03,9.988665390924076348e-01,4.751527722819537392e-02,-3.371289588405596005e-01,5.136647724936312109e-02,-4.730820201539907843e-02,9.975587296179915242e-01,-6.705155553519670519e-02,0.000000000000000000e+00,0.000000000000000000e+00,0.000000000000000000e+00,1.000000000000000000e+00
9.989309936553746327e-01,1.407486939490499613e-03,-4.620485791776392237e-02,3.209135981172468455e-01,6.901964147990463649e-04,9.989708162648828216e-01,4.535230843058040556e-02,-3.216220060869839359e-01,4.622113741130334796e-02,-4.533571695240585370e-02,9.979019386817606918e-01,-2.452455251537516423e-02,0.000000000000000000e+00,0.000000000000000000e+00,0.000000000000000000e+00,1.000000000000000000e+00
9.991469194658554320e-01,-2.425731335520750053e-03,-4.122558852678000207e-02,1.389899591754810704e-01,4.208259408934853646e-03,9.990572880870902672e-01,4.320677808881119575e-02,-3.061150533334082713e-01,4.108191663784217795e-02,-4.334340719828722044e-02,9.982152198688442057e-01,1.800245050444637673e-02,0.000000000000000000e+00,0.000000000000000000e+00,0.000000000000000000e+00,1.000000000000000000e+00
9.993236704165440187e-01,-6.248587688645538055e-03,-3.623750677273118032e-02,-4.293367976628455901e-02,7.736952957657554017e-03,9.991259529830420760e-01,4.107882221606305034e-02,-2.906081005798326067e-01,3.594914886527113967e-02,-4.133140727854821977e-02,9.984985595724398255e-01,6.052945352426789688e-02,0.000000000000000000e+00,0.000000000000000000e+00,0.000000000000000000e+00,1.000000000000000000e+00
9.995031038495957310e-01,-1.034614643751438981e-02,-2.977419434540846607e-02,-2.061504744050857985e-01,1.154355446312268357e-02,9.991197502514802542e-01,4.032953022013608529e-02,-2.683654570593762001e-01,2.933073039290984632e-02,-4.065319066584390656e-02,9.987427227986721556e-01,9.358036061291216678e-02,0.000000000000000000e+00,0.000000000000000000e+00,0.000000000000000000e+00,1.000000000000000000e+00
9.996240984188679013e-01,-1.443954798176168286e-02,-2.330582146906230029e-02,-3.693672690438870032e-01,1.535530914472895900e-02,9.990974309047653268e-01,3.960477295184711838e-02,-2.461228135389198490e-01,2.271291133552029440e-02,-3.994775354860344990e-02,9.989435923239533555e-01,1.266312677015564159e-01,0.000000000000000000e+00,0.000000000000000000e+00,0.000000000000000000e+00,1.000000000000000000e+00
9.996866253061750252e-01,-1.852842865750369689e-02,-1.683295920018984537e-02,-5.325840636826882912e-01,1.917188115665647424e-02,9.990589919251245954e-01,3.890462217358296032e-02,-2.238801700184634424e-01,1.609627773326804956e-02,-3.921514994282181837e-02,9.991011369516580309e-01,1.596821747902006927e-01,0.000000000000000000e+00,0.000000000000000000e+00,0.000000000000000000e+00,1.000000000000000000e+00
9.996906660354981655e-01,-2.261242547254658369e-02,-1.035617959241086697e-02,-6.958008583214895237e-01,2.299293368119102038e-02,9.990044331478807882e-01,3.822914531628189561e-02,-2.016375264980070914e-01,9.481415623950491950e-03,-3.845543869376050194e-02,9.992153331452815479e-01,1.927330818788449418e-01,0.000000000000000000e+00,0.000000000000000000e+00,0.000000000000000000e+00,1.000000000000000000e+00
9.996362124822559814e-01,-2.669117621375563174e-02,-3.876055528018649849e-03,-8.590176529602907562e-01,2.681812902776281246e-02,9.989337572625570649e-01,3.757840545793657283e-02,-1.793948829775506848e-01,2.868910870052232640e-03,-3.766868346036342241e-02,9.992861650382149907e-01,2.257839889674892186e-01,0.000000000000000000e+00,0.000000000000000000e+00,0.000000000000000000e+00,1.000000000000000000e+00
9.995232668779899798e-01,-3.076431955411765284e-02,2.606839450895531533e-03,-1.022234447599091878e+00,3.064712873240658941e-02,9.988469698127109275e-01,3.695246130401613066e-02,-1.571522394570943060e-01,-3.740651014183151400e-03,-3.685495269753639308e-02,9.993136244401216173e-01,2.588348960561334677e-01,0.000000000000000000e+00,0.000000000000000000e+00,0.000000000000000000e+00,1.000000000000000000e+00
9.993518418104723189e-01,-3.483149515943013974e-02,9.091931311639919744e-03,-1.185451242237893110e+00,3.447959365758168637e-02,9.987440791945118024e-01,3.635136716982024369e-02,-1.349095959366379271e-01,-1.034668503555782187e-02,-3.601431963630060545e-02,9.992977108399225816e-01,2.918858031447777446e-01,0.000000000000000000e+00,0.000000000000000000e+00,0.000000000000000000e+00,1.000000000000000000e+00
9.991219602192267235e-01,-3.889234379455096258e-02,1.557864570033695197e-02,-1.348668036876694343e+00,3.831518409229023314e-02,9.986250966540518581e-01,3.577517296477628755e-02,-1.126669524161815483e-01,-1.694860689449382077e-02,-3.514686226183218881e-02,9.992384314053798233e-01,3.249367102334220214e-01,0.000000000000000000e+00,0.000000000000000000e+00,0.000000000000000000e+00,1.000000000000000000e+00
9.988336553864700651e-01,-4.294650742914288971e-02,2.206640811145003239e-02,-1.511884831515495575e+00,4.215355985243137565e-02,9.984900362833980525e-01,3.522392417868916437e-02,-9.042430889572516950e-02,-2.354583315726965081e-02,-3.425266328940176908e-02,9.991358009792827843e-01,3.579876173220662983e-01,0.000000000000000000e+00,0.000000000000000000e+00,0.000000000000000000e+00,1.000000000000000000e+00
9.984869709234802659e-01,-4.699362934284755794e-02,2.855464405731741526e-02,-1.675101626154296808e+00,4.599438038132943468e-02,9.983389150153849645e-01,3.469766186995155294e-02,-6.818166537526879067e-02,-3.013778142781273553e-02,-3.333181013822934108e-02,9.989898420722396200e-01,3.910385244107105751e-01,0.000000000000000000e+00,0.000000000000000000e+00,0.000000000000000000e+00,1.000000000000000000e+00
9.980415776730681143e-01,-5.074186250972492068e-02,3.658240868091630627e-02,-1.859025115903429004e+00,4.955477603098485534e-02,9.982373476550472358e-01,3.265764717697348940e-02,-6.400216645712861196e-02,-3.817503645541595048e-02,-3.078085664274027300e-02,9.987968789778866041e-01,3.924109903274409228e-01,0.000000000000000000e+00,0.000000000000000000e+00,0.000000000000000000e+00,1.000000000000000000e+00
9.975181358918012720e-01,-5.446940341499549587e-02,4.461673070229155158e-02,-2.042948605652561422e+00,5.313139459362235806e-02,9.981171711976523087e-01,3.064583934131486637e-02,-5.982266753898843326e-02,-4.620198562273189480e-02,-2.819923140816718576e-02,9.985340153808011099e-01,3.937834562441713260e-01,0.000000000000000000e+00,0.000000000000000000e+00,0.000000000000000000e+00,1.000000000000000000e+00
9.969166768908966914e-01,-5.817577664979074747e-02,5.265660782850997701e-02,-2.226872095401693841e+00,5.672379570652945346e-02,9.979783925297657232e-01,2.866250240905603500e-02,-5.564316862084824761e-02,-5.421762017513999388e-02,-2.558724398795022073e-02,9.982012535594441127e-01,3.951559221609016737e-01,0.000000000000000000e+00,0.000000000000000000e+00,0.000000000000000000e+00,1.000000000000000000e+00
9.962372515197422951e-01,-6.186051186417045045e-02,6.070103587495257608e-02,-2.410795585150825815e+00,6.033153483728831423e-02,9.978210231962904020e-01,2.670789343405741492e-02,-5.146366970270806890e-02,-6.222093368446442868e-02,-2.294521168807834785e-02,9.977986132842752154e-01,3.965283880776320213e-01,0.000000000000000000e+00,0.000000000000000000e+00,0.000000000000000000e+00,1.000000000000000000e+00
9.954799301548763468e-01,-6.552314396592624768e-02,6.874900918313771314e-02,-2.594719074899957789e+00,6.395416346700059929e-02,9.976450793980813359e-01,2.478226236710637242e-02,-4.728417078456789019e-02,-7.021092246993211605e-02,-2.027345943879415441e-02,9.973261318186267266e-01,3.979008539943623690e-01,0.000000000000000000e+00,0.000000000000000000e+00,0.000000000000000000e+00,1.000000000000000000e+00
9.946448026767419348e-01,-6.916321331619532109e-02,7.679952103967528643e-02,-2.778642564649090652e+00,6.759122927609761966e-02,9.974505819866434919e-01,2.288585194945206777e-02,-4.310467186642770454e-02,-7.818658601762239202e-02,-1.757231966146470883e-02,9.967838639086330499e-01,3.992733199110927722e-01,0.000000000000000000e+00,0.000000000000000000e+00,0.000000000000000000e+00,1.000000000000000000e+00
9.937319784342404372e-01,-7.278026592171175924e-02,8.485156409598582083e-02,-2.962566054398222626e+00,7.124227633257466941e-02,9.972375564559222694e-01,2.101889761082362945e-02,-3.892517294828752583e-02,-8.614692739804094557e-02,-1.484213213073310063e-02,9.961718817622240429e-01,4.006457858278231199e-01,0.000000000000000000e+00,0.000000000000000000e+00,0.000000000000000000e+00,1.000000000000000000e+00
9.927415861971036204e-01,-7.637385362352695772e-02,9.290413078841670835e-02,-3.146489544147354600e+00,7.490684528248479912e-02,9.970060329311890568e-01,1.918162737202148624e-02,-3.474567403014734712e-02,-9.409095368145146965e-02,-1.208324383207072354e-02,9.954902750171947812e-01,4.020182517445534676e-01,0.000000000000000000e+00,0.000000000000000000e+00,0.000000000000000000e+00,1.000000000000000000e+00
9.916737740961328873e-01,-7.994353428203380962e-02,1.009562137583878416e-01,-3.330413033896487018e+00,7.858447354252486028e-02,9.967560461550315498e-01,1.737426175216650118e-02,-3.056617511200716841e-02,-1.020176763506022155e-01,-9.296008814855528241e-03,9.947391506983818132e-01,4.033907176612838708e-01,0.000000000000000000e+00,0.000000000000000000e+00,0.000000000000000000e+00,1.000000000000000000e+00
9.905287095513655160e-01,-8.348887195813467499e-02,1.090068062721991221e-01,-3.514336523645619437e+00,8.227469549454469178e-02,9.964876354704680361e-01,1.559701368068615659e-02,-2.638667619386699317e-02,-1.099261117104871760e-01,-6.480788041107046066e-03,9.939186331639927596e-01,4.047631835780142184e-01,0.000000000000000000e+00,0.000000000000000000e+00,0.000000000000000000e+00,1.000000000000000000e+00
9.899700132195787816e-01,-8.594584334610005927e-02,1.121279846316480672e-01,-3.585724970078729257e+00,8.384118251497291174e-02,9.962052551875878459e-01,2.336119969360315324e-02,-2.201923148792016838e-01,-1.137102855528842466e-01,-1.372594434496344357e-02,9.934191307858536435e-01,4.285335656918955460e-01,0.000000000000000000e+00,0.000000000000000000e+00,0.000000000000000000e+00,1.000000000000000000e+00
9.893953733570067799e-01,-8.842550431207896189e-02,1.152290126960373584e-01,-3.657113416511838633e+00,8.537793196558965403e-02,9.958622032078969788e-01,3.113006513311918771e-02,-4.139979535645363362e-01,-1.175049101656104322e-01,-2.096192760858605481e-02,9.928510430461883196e-01,4.523039478057769291e-01,0.000000000000000000e+00,0.000000000000000000e+00,0.000000000000000000e+00,1.000000000000000000e+00
9.888048468025077975e-01,-9.092759190799806768e-02,1.183095430203393028e-01,-3.728501862944948453e+00,8.688476409270451395e-02,9.954584938497479385e-01,3.890276071111447437e-02,-6.078035922498711274e-01,-1.213095738531136392e-01,-2.818794160991031431e-02,9.922144058817993217e-01,4.760743299196582567e-01,0.000000000000000000e+00,0.000000000000000000e+00,0.000000000000000000e+00,1.000000000000000000e+00
9.881984939008249258e-01,-9.345183815659161009e-02,1.213692324985842369e-01,-3.799890309378057829e+00,8.836150561912323176e-02,9.949941547285752197e-01,4.667843592805705905e-02,-8.016092309352057521e-01,-1.251238625397363691e-01,-3.540319196233981253e-02,9.915092702652935630e-01,4.998447120335396399e-01,0.000000000000000000e+00,0.000000000000000000e+00,0.000000000000000000e+00,1.000000000000000000e+00
9.875763784821502966e-01,-9.599797014696946629e-02,1.244077424911417262e-01,-3.871278755811167649e+00,8.980798981038388973e-02,9.944692267528816298e-01,5.445623938304765266e-02,-9.954148696205403768e-01,-1.289473599198473486e-01,-4.260688640568992269e-02,9.907357021933316243e-01,5.236150941474209120e-01,0.000000000000000000e+00,0.000000000000000000e+00,0.000000000000000000e+00,1.000000000000000000e+00
9.869385678397690764e-01,-9.856571013292964034e-02,1.274247389496110106e-01,-3.942667202244277469e+00,9.122405653743842491e-02,9.938837641129395495e-01,6.223531908449417283e-02,-1.189220508305875112e+00,-1.327796476092607258e-01,-4.979823509609408727e-02,9.898937826666427409e-01,5.473854762613022951e-01,0.000000000000000000e+00,0.000000000000000000e+00,0.000000000000000000e+00,1.000000000000000000e+00
9.862851327058033135e-01,-1.011547756339410409e-01,1.304198925392241193e-01,-4.014055648677387289e+00,9.260955233572978895e-02,9.932378342622154577e-01,7.001482276117795833e-02,-1.383026146991209737e+00,-1.366203052978269550e-01,-5.697645089465017132e-02,9.889836076618144789e-01,5.711558583751836782e-01,0.000000000000000000e+00,0.000000000000000000e+00,0.000000000000000000e+00,1.000000000000000000e+00
9.856161472250700717e-01,-1.037648795387188794e-01,1.333928787586668441e-01,-4.085444095110496221e+00,9.396433046061858363e-02,9.925315178915293801e-01,7.779389817347302782e-02,-1.576831785676544362e+00,-1.404689109030781147e-01,-6.414074965458528566e-02,9.880052880948821947e-01,5.949262404890649503e-01,0.000000000000000000e+00,0.000000000000000000e+00,0.000000000000000000e+00,1.000000000000000000e+00
9.849316889270777198e-01,-1.063957302113135162e-01,1.363433780572269050e-01,-4.156832541543606041e+00,9.528825093911783006e-02,9.917649088959695769e-01,8.557169342447984439e-02,-1.770637424361878987e+00,-1.443250407248105605e-01,-7.129035050671897467e-02,9.869589497767428110e-01,6.186966226029463334e-01,0.000000000000000000e+00,0.000000000000000000e+00,0.000000000000000000e+00,1.000000000000000000e+00
9.842318386961818044e-01,-1.090470315996305839e-01,1.392710759491802563e-01,-4.228220987976715861e+00,9.658118061789744413e-02,9.909381143345956655e-01,9.334735727083529055e-02,-1.964443063047213833e+00,-1.481882696004857003e-01,-7.842447614300693259e-02,9.858447333604357654e-01,6.424670047168277165e-01,0.000000000000000000e+00,0.000000000000000000e+00,0.000000000000000000e+00,1.000000000000000000e+00
9.867364494988744017e-01,-1.003979358082199291e-01,1.275595300861668835e-01,-3.865275823274860745e+00,8.831346054474045748e-02,9.913478649874768456e-01,9.710892477719906823e-02,-1.966692693197864994e+00,-1.362054034059138607e-01,-8.455569212193633777e-02,9.870655616588051018e-01,6.423440619480035307e-01,0.000000000000000000e+00,0.000000000000000000e+00,0.000000000000000000e+00,1.000000000000000000e+00
9.890270954364853706e-01,-9.166514962974349479e-02,1.158572606090188806e-01,-3.502330658573005628e+00,8.008165824927580834e-02,9.916614397150320670e-01,1.009679008118732485e-01,-1.968942323348516155e+00,-1.241464155927007873e-01,-9.058194812249741046e-02,9.881207305637392802e-01,6.422211191791793450e-01,0.000000000000000000e+00,0.000000000000000000e+00,0.000000000000000000e+00,1.000000000000000000e+00
9.911026716376836188e-01,-8.285174097002352689e-02,1.041685331128446718e-01,-3.139385493871150068e+00,7.188881170104356733e-02,9.918786021720135127e-01,1.049230065595914696e-01,-1.971191953499167537e+00,-1.120155927755488584e-01,-9.650092005534610662e-02,9.890096457586314838e-01,6.420981764103552702e-01,0.000000000000000000e+00,0.000000000000000000e+00,0.000000000000000000e+00,1.000000000000000000e+00
9.929622280091484621e-01,-7.396084081989726111e-02,9.249760954923021139e-02,-2.776440329169294952e+00,6.373793496151586302e-02,9.919991857742280761e-01,1.089728914460392217e-01,-1.973441583649818698e+00,-9.981728003682328876e-02,-1.023103584613136441e-01,9.897318329515162327e-01,6.419752336415310845e-01,0.000000000000000000e+00,0.000000000000000000e+00,0.000000000000000000e+00,1.000000000000000000e+00
9.946049706215298603e-01,-6.499563955613467392e-02,8.084874305538027051e-02,-2.413495164467439835e+00,5.563201449493795914e-02,9.920230940061126601e-01,1.131161346659911304e-01,-1.975691213800469859e+00,-8.755587574903749004e-02,-1.080080913507346918e-01,9.902869386317234568e-01,6.418522908727068987e-01,0.000000000000000000e+00,0.000000000000000000e+00,0.000000000000000000e+00,1.000000000000000000e+00
9.960302628135473402e-01,-5.595938312902325185e-02,6.922617279176361549e-02,-2.050549999765584275e+00,4.757400552397250681e-02,9.919503006013901114e-01,1.173512468413395876e-01,-1.977940843951121019e+00,-7.523582629293677770e-02,-1.135920269060781002e-01,9.906747306080780913e-01,6.417293481038827130e-01,0.000000000000000000e+00,0.000000000000000000e+00,0.000000000000000000e+00,1.000000000000000000e+00
9.972376260110530355e-01,-4.685536914617548232e-02,5.763411880140782706e-02,-1.687604835063729158e+00,3.956682843947562089e-02,9.917808495961741855e-01,1.216766718049604457e-01,-1.980190474101772180e+00,-6.286162068448655771e-02,-1.190601560408291182e-01,9.908950983269890767e-01,6.416064053350585272e-01,0.000000000000000000e+00,0.000000000000000000e+00,0.000000000000000000e+00,1.000000000000000000e+00
9.982267402588580474e-01,-3.768694286247735448e-02,4.607677690392948666e-02,-1.324659670361874042e+00,3.161336527356105319e-02,9.915148552543390226e-01,1.260907885059311395e-01,-1.982440104252423563e+00,-5.043778512439386907e-02,-1.244105548080524509e-01,9.909480529695277040e-01,6.414834625662344525e-01,0.000000000000000000e+00,0.000000000000000000e+00,0.000000000000000000e+00,1.000000000000000000e+00
9.989974444640911111e-01,-2.845749308641356418e-02,3.455831363726823147e-02,-9.617145056600189257e-01,2.371645624489318593e-02,9.911525018653960517e-01,1.305919130312063470e-01,-1.984689734403074723e+00,-3.796887748405451679e-02,-1.296413866525764347e-01,9.908337273273442047e-01,6.413605197974102667e-01,0.000000000000000000e+00,0.000000000000000000e+00,0.000000000000000000e+00,1.000000000000000000e+00
9.995497363508358823e-01,-1.917044801327907888e-02,2.308286125991805895e-02,-5.987693409581639203e-01,1.587889638489662497e-02,9.906940434155536712e-01,1.351783007384646240e-01,-1.986939364553725884e+00,-2.545948174201860190e-02,-1.347509045012731110e-01,9.905523754580151108e-01,6.412375770285860810e-01,0.000000000000000000e+00,0.000000000000000000e+00,0.000000000000000000e+00,1.000000000000000000e+00
9.997782404540215273e-01,-1.386543852351687818e-02,1.584990628398126600e-02,-3.688901651649989510e-01,1.158776980180452505e-02,9.906805789654460348e-01,1.357118788157793410e-01,-1.991671230135157122e+00,-1.758389904659378444e-02,-1.354981183457503180e-01,9.906215555998566513e-01,6.201543105564883973e-01,0.000000000000000000e+00,0.000000000000000000e+00,0.000000000000000000e+00,1.000000000000000000e+00
9.999262789349494529e-01,-8.553948066119268501e-03,8.617811078665126023e-03,-1.390109893718340373e-01,7.300049667595443631e-03,9.906439414083202388e-01,1.362765226509648209e-01,-1.996403095716588361e+00,-9.702884630668789923e-03,-1.362035657516733889e-01,9.906333543276105713e-01,5.990710440843908247e-01,0.000000000000000000e+00,0.000000000000000000e+00,0.000000000000000000e+00,1.000000000000000000e+00
9.999937996151240238e-01,-3.236618908824689250e-03,1.387454268218918201e-03,9.086818642133087653e-02,3.016258126820979026e-03,9.905841253439859884e-01,1.368721768782937276e-01,-2.001134961298019377e+00,-1.817393248514699751e-03,-1.368671432979061686e-01,9.905877458192439144e-01,5.779877776122931410e-01,0.000000000000000000e+00,0.000000000000000000e+00,0.000000000000000000e+00,1.000000000000000000e+00
9.999807698479002971e-01,2.085904950445394666e-03,-5.840285518528683280e-03,3.207473622144958458e-01,-1.263083376544188105e-03,9.905011309995224167e-01,1.374987785729401002e-01,-2.005866826879450837e+00,6.071618794368284673e-03,-1.374887576829618985e-01,9.904847181839866455e-01,5.569045111401955683e-01,0.000000000000000000e+00,0.000000000000000000e+00,0.000000000000000000e+00,1.000000000000000000e+00
9.998871765415866530e-01,7.412978043420409384e-03,-1.306453000386224861e-02,5.506265380076608151e-01,-5.537454310552796834e-03,9.903949642320371005e-01,1.381562572726278137e-01,-2.010598692460881853e+00,1.396319402760665823e-02,-1.380683257678956277e-01,9.903242734741978248e-01,5.358212446680978847e-01,0.000000000000000000e+00,0.000000000000000000e+00,0.000000000000000000e+00,1.000000000000000000e+00
9.997130261706780319e-01,1.274395369233362503e-02,-2.028440161683184306e-02,7.805057138008256734e-01,-9.806335266284394933e-03,9.902656365280000372e-01,1.388445350038668424e-01,-2.015330558042312870e+00,2.185637420320445112e-02,-1.386057746130457402e-01,9.901064276887646676e-01,5.147379781960002010e-01,0.000000000000000000e+00,0.000000000000000000e+00,0.000000000000000000e+00,1.000000000000000000e+00
9.994583447752183325e-01,1.807818427157292102e-02,-2.749902384856252671e-02,1.010384889593990643e+00,-1.406920816821410382e-02,9.901131649991671280e-01,1.395635263127565917e-01,-2.020062423623744330e+00,2.975020068336034842e-02,-1.391010415085922047e-01,9.898312107680402594e-01,4.936547117239026283e-01,0.000000000000000000e+00,0.000000000000000000e+00,0.000000000000000000e+00,1.000000000000000000e+00
9.991231779482792064e-01,2.341502146990691660e-02,-3.470752160691899929e-02,1.240264065387155501e+00,-1.832555648377178284e-02,9.899375723750827305e-01,1.403131383003305421e-01,-2.024794289205175346e+00,3.764371482852139211e-02,-1.395540739989033496e-01,9.894986665803129355e-01,4.725714452518049447e-01,0.000000000000000000e+00,0.000000000000000000e+00,0.000000000000000000e+00,1.000000000000000000e+00
9.987075908115743417e-01,2.875381655306375600e-02,-4.190902157022413643e-02,1.470143241180320803e+00,-2.257486543191372652e-02,9.897388869921773802e-01,1.410932706624125343e-01,-2.029526154786606806e+00,4.553595838534357787e-02,-1.399648299006524266e-01,9.891088528998259743e-01,4.514881787797073720e-01,0.000000000000000000e+00,0.000000000000000000e+00,0.000000000000000000e+00,1.000000000000000000e+00
9.982116679792319980e-01,3.409392062643907401e-02,-4.910265253973114530e-02,1.700022416973485440e+00,-2.681662219052997898e-02,9.895171427794651198e-01,1.419038157339472805e-01,-2.034258020368037823e+00,5.342597387422964861e-02,-1.403332773146902523e-01,9.886618413763669233e-01,4.304049123076096883e-01,0.000000000000000000e+00,0.000000000000000000e+00,0.000000000000000000e+00,1.000000000000000000e+00
9.970913980958351353e-01,4.217610142312406413e-02,-6.348165334991628939e-02,1.931653782311656409e+00,-3.273204629424088935e-02,9.891707022132212312e-01,1.430731806747657375e-01,-2.036071355897268287e+00,6.882846060086086903e-02,-1.405791533327357679e-01,9.876741085295122069e-01,4.137231558007878895e-01,0.000000000000000000e+00,0.000000000000000000e+00,0.000000000000000000e+00,1.000000000000000000e+00
9.956976729375415225e-01,5.026333089223572470e-02,-7.784434259714707871e-02,2.163285147649827156e+00,-3.863021323376915339e-02,9.887755357148365620e-01,1.443282598708626463e-01,-2.037884691426499195e+00,8.422500063685313398e-02,-1.407001689389723309e-01,9.864631831590404687e-01,3.970413992939660353e-01,0.000000000000000000e+00,0.000000000000000000e+00,0.000000000000000000e+00,1.000000000000000000e+00
9.940306724441695385e-01,5.835228349645314033e-02,-9.218477776152581016e-02,2.394916512987998125e+00,-4.450866743047646873e-02,9.883317358545813391e-01,1.456686597255346105e-01,-2.039698026955729659e+00,9.960924035327034520e-02,-1.406960941654739616e-01,9.850292423693951527e-01,3.803596427871442365e-01,0.000000000000000000e+00,0.000000000000000000e+00,0.000000000000000000e+00,1.000000000000000000e+00
9.920908021370465901e-01,6.643962679485974909e-02,-1.064970248712665268e-01,2.626547878326169094e+00,-5.036496550796983745e-02,9.878394354480988238e-01,1.470939156558228877e-01,-2.041511362484960124e+00,1.149748257857015066e-01,-1.405668017881216703e-01,9.833726474081971869e-01,3.636778862803223822e-01,0.000000000000000000e+00,0.000000000000000000e+00,0.000000000000000000e+00,1.000000000000000000e+00
9.898786929492515707e-01,7.452202601010592120e-02,-1.207751666710929900e-01,2.858179243664340063e+00,-5.619667967043982110e-02,9.872988074430337768e-01,1.486034926089591646e-01,-2.043324698014190588e+00,1.303154113645011991e-01,-1.403122676778909006e-01,9.814939434861472689e-01,3.469961297735005834e-01,0.000000000000000000e+00,0.000000000000000000e+00,0.000000000000000000e+00,1.000000000000000000e+00
9.873952005910073826e-01,8.259614860791722468e-02,-1.350133107696526724e-01,3.089810609002510589e+00,-6.200140105445787336e-02,9.867100647227596832e-01,1.501967857248991955e-01,-2.045138033543421496e+00,1.456246686421233671e-01,-1.399325709402420292e-01,9.793938592174884494e-01,3.303143732666787846e-01,0.000000000000000000e+00,0.000000000000000000e+00,0.000000000000000000e+00,1.000000000000000000e+00
9.846414044513901453e-01,9.065866887575491084e-02,-1.492055977424120716e-01,3.321441974340681558e+00,-6.777674304452518950e-02,9.860734598276573726e-01,1.518731211432430006e-01,-2.046951369072651961e+00,1.608962949923666008e-01,-1.394278938419066527e-01,9.770733056820966045e-01,3.136326167598569858e-01,0.000000000000000000e+00,0.000000000000000000e+00,0.000000000000000000e+00,1.000000000000000000e+00
9.816186060392928514e-01,9.870627248742513959e-02,-1.633462091666462723e-01,3.553073339678852527e+00,-7.352034454279443576e-02,9.853892845947040957e-01,1.536317569522853976e-01,-2.048764704601882425e+00,1.761240222564326441e-01,-1.387985215251786031e-01,9.745333751117198906e-01,2.969508602530351316e-01,0.000000000000000000e+00,0.000000000000000000e+00,0.000000000000000000e+00,1.000000000000000000e+00
9.783283269683673566e-01,1.067356610404860268e-01,-1.774293755653952032e-01,3.784704705017023052e+00,-7.922987318356188025e-02,9.846578697164585225e-01,1.554718842773915310e-01,-2.050578040131113333e+00,1.913016253109008080e-01,-1.380448415106352023e-01,9.717753392043407823e-01,2.802691037462132773e-01,0.000000000000000000e+00,0.000000000000000000e+00,0.000000000000000000e+00,1.000000000000000000e+00
9.747723064923946579e-01,1.147435565534216800e-01,-1.914493842376330246e-01,4.016336070355194465e+00,-8.490302848334964347e-02,9.838795842208174491e-01,1.573926285053624252e-01,-2.052391375660343797e+00,2.064229305330506081e-01,-1.371673429900252261e-01,9.688006470720403884e-01,2.635873472393914785e-01,0.000000000000000000e+00,0.000000000000000000e+00,0.000000000000000000e+00,1.000000000000000000e+00
9.744587932876189740e-01,1.175386144758396451e-01,-1.913497695100195295e-01,4.017529439514567535e+00,-8.542681722559329616e-02,9.820457778093294454e-01,1.681914063963271255e-01,-2.286336805531384186e+00,2.076832181066701755e-01,-1.475491931322205907e-01,9.670040933330572575e-01,2.780174220603146562e-01,0.000000000000000000e+00,0.000000000000000000e+00,0.000000000000000000e+00,1.000000000000000000e+00
9.741432993987847455e-01,1.203328640351636614e-01,-1.912193349783022078e-01,4.018722808673940605e+00,-8.593645562556731510e-02,9.800937010003594185e-01,1.789727992012550284e-01,-2.520282235402424131e+00,2.089491752339890096e-01,-1.579124412214334416e-01,9.650926914429115433e-01,2.924474968812378339e-01,0.000000000000000000e+00,0.000000000000000000e+00,0.000000000000000000e+00,1.000000000000000000e+00
9.738258806073173401e-01,1.231257995784025144e-01,-1.910580847217976108e-01,4.019916177833313675e+00,-8.643184259807935865e-02,9.780236318555192154e-01,1.897348468712066749e-01,-2.754227665273464520e+00,2.102205766438751400e-01,-1.682552020304824425e-01,9.630667142753911447e-01,3.068775717021610117e-01,0.000000000000000000e+00,0.000000000000000000e+00,0.000000000000000000e+00,1.000000000000000000e+00
9.735065934310084268e-01,1.259169155620220304e-01,-1.908660339654485449e-01,4.021109546992686745e+00,-8.691288213801637297e-02,9.758358913024284265e-01,2.004755949347909738e-01,-2.988173095144504465e+00,2.114971949336832413e-01,-1.785755963768334287e-01,9.609264763309635082e-01,3.213076465230842449e-01,0.000000000000000000e+00,0.000000000000000000e+00,0.000000000000000000e+00,1.000000000000000000e+00
9.731854950905094448e-01,1.287057068567031004e-01,-1.906432090790449729e-01,4.022302916152058927e+00,-8.737948338203077592e-02,9.735308429735933800e-01,2.111930956802664794e-01,-3.222118525015544854e+00,2.127788007046976793e-01,-1.888717522596780329e-01,9.586723335785952704e-01,3.357377213440074226e-01,0.000000000000000000e+00,0.000000000000000000e+00,0.000000000000000000e+00,1.000000000000000000e+00
9.728626434751653784e-01,1.314916690519455922e-01,-1.903896475663696131e-01,4.023496285311431997e+00,-8.783156066562351760e-02,9.711088930065666647e-01,2.218854093323872900e-01,-3.456063954886585243e+00,2.140651626994773404e-01,-1.991418059913432070e-01,9.563046832599702007e-01,3.501677961649306003e-01,0.000000000000000000e+00,0.000000000000000000e+00,0.000000000000000000e+00,1.000000000000000000e+00
9.725380971082324688e-01,1.342742987601328042e-01,-1.901053980442757863e-01,4.024689654470805067e+00,-8.826903357554839735e-02,9.685704898056141099e-01,2.325506052225004006e-01,-3.690009384757625632e+00,2.153560479409311612e-01,-2.093839033215952050e-01,9.538239636563321522e-01,3.645978709858537781e-01,0.000000000000000000e+00,0.000000000000000000e+00,0.000000000000000000e+00,1.000000000000000000e+00
9.722119151115202751e-01,1.370530939196710207e-01,-1.897905202117212142e-01,4.025883023630178137e+00,-8.869182699747041321e-02,9.659161237651798793e-01,2.431867629504129991e-01,-3.923954814628665577e+00,2.166512218729464978e-01,-2.195962005534144723e-01,9.512306538182333515e-01,3.790279458067770113e-01,0.000000000000000000e+00,0.000000000000000000e+00,0.000000000000000000e+00,1.000000000000000000e+00
9.718841571695091552e-01,1.398275540968218489e-01,-1.894450848088001238e-01,4.027076392789551207e+00,-8.909987115881921882e-02,9.631463269555148310e-01,2.537919735365614660e-01,-4.157900244499705522e+00,2.179504485023945337e-01,-2.297768656488317351e-01,9.485252732585485180e-01,3.934580206277001890e-01,0.000000000000000000e+00,0.000000000000000000e+00,0.000000000000000000e+00,1.000000000000000000e+00
9.715548834929822464e-01,1.425971807858457674e-01,-1.890691735658309724e-01,4.028269761948924277e+00,-8.949310166678597911e-02,9.602616727708817024e-01,2.643643405630313192e-01,-4.391845674370745911e+00,2.192534905423305092e-01,-2.399240793234329039e-01,9.457083816091551576e-01,4.078880954486233668e-01,0.000000000000000000e+00,0.000000000000000000e+00,0.000000000000000000e+00,1.000000000000000000e+00
9.733404618579756251e-01,1.366373589478906136e-01,-1.842242585813492484e-01,3.893561613193383231e+00,-8.534108606103055217e-02,9.612685897339351415e-01,2.620679252042399932e-01,-4.385044940627675025e+00,2.128972624061340746e-01,-2.393594170503358931e-01,9.473023937103173253e-01,3.770634456792651967e-01,0.000000000000000000e+00,0.000000000000000000e+00,0.000000000000000000e+00,1.000000000000000000e+00
9.750663954040311721e-01,1.306759351696325233e-01,-1.793580902031791102e-01,3.758853464437842629e+00,-8.117079236313300139e-02,9.622472858413941843e-01,2.597911918407003196e-01,-4.378244206884605028e+00,2.065352924343219487e-01,-2.387550226872984516e-01,9.488620616931929819e-01,3.462387959099069712e-01,0.000000000000000000e+00,0.000000000000000000e+00,0.000000000000000000e+00,1.000000000000000000e+00
9.767324968831803123e-01,1.247134858816066894e-01,-1.744711322013089427e-01,3.624145315682302027e+00,-7.698261800109640340e-02,9.631976568109924530e-01,2.575343674920125836e-01,-4.371443473141534142e+00,2.001681944217052478e-01,-2.381109412712318352e-01,9.503872229722380993e-01,3.154141461405487457e-01,0.000000000000000000e+00,0.000000000000000000e+00,0.000000000000000000e+00,1.000000000000000000e+00
9.783385905571500007e-01,1.187505879360336025e-01,-1.695638525496984961e-01,3.489437166926760980e+00,-7.277696401809899407e-02,9.641196038032223692e-01,2.552976754117163294e-01,-4.364642739398464144e+00,1.937965833934073012e-01,-2.374272255390356134e-01,9.518777215787110890e-01,2.845894963711905756e-01,0.000000000000000000e+00,0.000000000000000000e+00,0.000000000000000000e+00,1.000000000000000000e+00
9.798845122587025447e-01,1.127878184208760959e-01,-1.646367232769893052e-01,3.354729018171219934e+00,-6.855423494456150402e-02,9.650130334554181122e-01,2.530813350137414708e-01,-4.357842005655393258e+00,1.874210754069304818e-01,-2.367039359136879073e-01,9.533334082136627474e-01,2.537648466018324056e-01,0.000000000000000000e+00,0.000000000000000000e+00,0.000000000000000000e+00,1.000000000000000000e+00
9.813701094474027720e-01,1.068257544737101078e-01,-1.596902203151948363e-01,3.220020869415679332e+00,-6.431483866847699515e-02,9.658778579132042408e-01,2.508855618006904376e-01,-4.351041271912322372e+00,1.810422873536473853e-01,-2.359411404866114115e-01,9.547541402977191005e-01,2.229401968324741801e-01,0.000000000000000000e+00,0.000000000000000000e+00,0.000000000000000000e+00,1.000000000000000000e+00
9.827952412597651399e-01,1.008649730955355206e-01,-1.547248233464728062e-01,3.085312720660138730e+00,-6.005918630409090575e-02,9.667139948592804455e-01,2.487105672939973755e-01,-4.344240538169252375e+00,1.746608367598495581e-01,-2.351389149963238334e-01,9.561397820176196216e-01,1.921155470631159823e-01,0.000000000000000000e+00,0.000000000000000000e+00,0.000000000000000000e+00,1.000000000000000000e+00
9.841597785537545828e-01,9.490605096465304369e-02,-1.497410156480822596e-01,2.950604571904597684e+00,-5.578769205902000400e-02,9.675213675395316626e-01,2.465565589660154155e-01,-4.337439804426181489e+00,1.682773415874891099e-01,-2.342973428033893746e-01,9.574902043694851761e-01,1.612908972937577845e-01,0.000000000000000000e+00,0.000000000000000000e+00,0.000000000000000000e+00,1.000000000000000000e+00
9.854636039476064591e-01,8.894956425073347051e-02,-1.447392839356320404e-01,2.815896423149056638e+00,-5.150077309990050423e-02,9.682999047864399023e-01,2.444237401740754212e-01,-4.330639070683111491e+00,1.618924200347484910e-01,-2.334165148616866858e-01,9.588052851987813874e-01,1.304662475243996145e-01,0.000000000000000000e+00,0.000000000000000000e+00,0.000000000000000000e+00,1.000000000000000000e+00
9.867066118529403962e-01,8.299608842920458418e-02,-1.397201182047257961e-01,2.681188274393516036e+00,-4.719884941665646733e-02,9.690495410397819143e-01,2.423123100965607346e-01,-4.323838336940040605e+00,1.555066903365726061e-01,-2.324965296860141972e-01,9.600849092369516669e-01,9.964159775504138894e-02,0.000000000000000000e+00,0.000000000000000000e+00,0.000000000000000000e+00,1.000000000000000000e+00
9.877988675855553513e-01,7.887630277433660408e-02,-1.342830073290929571e-01,2.563870940413764732e+00,-4.475002788234007378e-02,9.696481121882862819e-01,2.403746524370281024e-01,-4.280382579926218511e+00,1.491671284205197956e-01,-2.314326411514665005e-01,9.613470239244683579e-01,9.681877173665562331e-02,0.000000000000000000e+00,0.000000000000000000e+00,0.000000000000000000e+00,1.000000000000000000e+00
9.888442817679836683e-01,7.476132241648497656e-02,-1.288321818696664955e-01,2.446553606434013872e+00,-4.228771908466469331e-02,9.702337420619773223e-01,2.384496478903437022e-01,-4.236926822912396418e+00,1.428241409194430656e-01,-2.303415516899866289e-01,9.625715736170854520e-01,9.399594571826987155e-02,0.000000000000000000e+00,0.000000000000000000e+00,0.000000000000000000e+00,1.000000000000000000e+00
9.898427629733849153e-01,7.065145971709566042e-02,-1.233680502766368731e-01,2.329236272454262568e+00,-3.981210560395460896e-02,9.708063829633643005e-01,2.365374453336490934e-01,-4.193471065898574324e+00,1.364782064528793637e-01,-2.292233365899577768e-01,9.637584557999852031e-01,9.117311969988411979e-02,0.000000000000000000e+00,0.000000000000000000e+00,0.000000000000000000e+00,1.000000000000000000e+00
9.907942268437476274e-01,6.654702635826270640e-02,-1.178910231356607718e-01,2.211918938474511709e+00,-3.732337208747580487e-02,9.713659891445238781e-01,2.346381917533895411e-01,-4.150015308884752230e+00,1.301298042306990033e-01,-2.280780752640491349e-01,9.649075736228451827e-01,8.835029368149835416e-02,0.000000000000000000e+00,0.000000000000000000e+00,0.000000000000000000e+00,1.000000000000000000e+00
9.916985961133741867e-01,6.244833326396692641e-02,-1.124015130650615757e-01,2.094601604494760405e+00,-3.482170520355387655e-02,9.719125168192421782e-01,2.327520322076760684e-01,-4.106559551870930136e+00,1.237794139325254505e-01,-2.269058512305022479e-01,9.660188359260297730e-01,8.552746766311258853e-02,0.000000000000000000e+00,0.000000000000000000e+00,0.000000000000000000e+00,1.000000000000000000e+00
9.925558006296928415e-01,5.835569052157748432e-02,-1.068999346122307126e-01,1.977284270515009323e+00,-3.230729359491426450e-02,9.724459241744201066e-01,2.308791097893653499e-01,-4.063103794857108042e+00,1.174275155869413112e-01,-2.257067520928598137e-01,9.670921572646377085e-01,8.270464164472683677e-02,0.000000000000000000e+00,0.000000000000000000e+00,0.000000000000000000e+00,1.000000000000000000e+00
9.933657773713845396e-01,5.426940730365782672e-02,-1.013867041492841764e-01,1.859966936535258242e+00,-2.978032783126904892e-02,9.729661713807352674e-01,2.290195655898766836e-01,-4.019648037843285948e+00,1.110745894505441173e-01,-2.244808695181471081e-01,9.681274579303954519e-01,7.988181562634108501e-02,0.000000000000000000e+00,0.000000000000000000e+00,0.000000000000000000e+00,1.000000000000000000e+00
9.941284704638135850e-01,5.018979179011733016e-02,-9.586223976802905888e-02,1.742649602555506938e+00,-2.724100036117543464e-02,9.734732206025520362e-01,2.271735386637655785e-01,-3.976192280829463410e+00,1.047211158869158637e-01,-2.232282992135173616e-01,9.691246639713796407e-01,7.705898960795531938e-02,0.000000000000000000e+00,0.000000000000000000e+00,0.000000000000000000e+00,1.000000000000000000e+00
9.948438311917555676e-01,4.611715109074995128e-02,-9.032696117429654670e-02,1.625332268575755856e+00,-2.468950546319133993e-02,9.739670360070791233e-01,2.253411659940726675e-01,-3.932736523815641316e+00,9.836757524557053489e-02,-2.219491409013742977e-01,9.700837072095629399e-01,7.423616358956955374e-02,0.000000000000000000e+00,0.000000000000000000e+00,0.000000000000000000e+00,1.000000000000000000e+00
9.955118180094150171e-01,4.205179116820059043e-02,-8.478128958169625640e-02,1.508014934596004775e+00,-2.212603919635428712e-02,9.744475837727650802e-01,2.235225824584654575e-01,-3.889280766801819222e+00,9.201444774094330592e-02,-2.206434982929842414e-01,9.710045252561715357e-01,7.141333757118380199e-02,0.000000000000000000e+00,0.000000000000000000e+00,0.000000000000000000e+00,1.000000000000000000e+00
9.960820869141766565e-01,3.668828459717830837e-02,-8.046394162614141365e-02,1.316504854142564795e+00,-1.808292808232976959e-02,9.751562661629882278e-01,2.207787677178866537e-01,-3.864623950009156150e+00,8.656491113995286313e-02,-2.184587520251265180e-01,9.719991202789004525e-01,6.800733528005348250e-02,0.000000000000000000e+00,0.000000000000000000e+00,0.000000000000000000e+00,1.000000000000000000e+00
9.966055351399973894e-01,3.133316031077154618e-02,-7.612910345760733055e-02,1.124994773689125038e+00,-1.402363994581283003e-02,9.758366665863964506e-01,2.180507685568212894e-01,-3.839967133216493078e+00,8.112179023536027211e-02,-2.162429957489715726e-01,9.729636282711294770e-01,6.460133298892314913e-02,0.000000000000000000e+00,0.000000000000000000e+00,0.000000000000000000e+00,1.000000000000000000e+00
9.970821072083843051e-01,2.598685292690175799e-02,-7.177712003029687593e-02,9.334846932356850591e-01,-9.948497870409151594e-03,9.764887221331438605e-01,2.153388096393736018e-01,-3.815310316423829562e+00,7.568552619233437362e-02,-2.139963995532062346e-01,9.738979628807393762e-01,6.119533069779282963e-02,0.000000000000000000e+00,0.000000000000000000e+00,0.000000000000000000e+00,1.000000000000000000e+00
9.975117551906476088e-01,2.064979578041417282e-02,-6.740833917773333961e-02,7.419746127822451909e-01,-5.857827603511753072e-03,9.771123744490864960e-01,2.126431131126405305e-01,-3.790653499631166490e+00,7.025655921151197081e-02,-2.117191385602512910e-01,9.748020425989391002e-01,5.778932840666251014e-02,0.000000000000000000e+00,0.000000000000000000e+00,0.000000000000000000e+00,1.000000000000000000e+00
9.978944387233363855e-01,1.532242080604829387e-02,-6.302311152013695406e-02,5.504645323288053227e-01,-1.751957469547680418e-03,9.777075697530170917e-01,2.099638985460923757e-01,-3.765996682838503418e+00,6.483532841022815463e-02,-2.094113928808346015e-01,9.756757907838270460e-01,5.438332611553218371e-02,0.000000000000000000e+00,0.000000000000000000e+00,0.000000000000000000e+00,1.000000000000000000e+00
9.982301250206246923e-01,1.000515842193558901e-02,-5.862179037064645798e-02,3.589544518753653435e-01,2.368781717843484232e-03,9.782742588520566551e-01,2.073013828719730278e-01,-3.741339866045840346e+00,5.942227170414522003e-02,-2.070733475665352818e-01,9.765191356819934443e-01,5.097732382440185728e-02,0.000000000000000000e+00,0.000000000000000000e+00,0.000000000000000000e+00,1.000000000000000000e+00
9.985187888836429826e-01,4.698437413690602360e-03,-5.420473164043906888e-02,1.674443714219255863e-01,6.504056744649848107e-03,9.788123971551999647e-01,2.046557803267555486e-01,-3.716683049253177273e+00,5.401782568934776485e-02,-2.047051925603267930e-01,9.773320104481559856e-01,4.757132153327153778e-02,0.000000000000000000e+00,0.000000000000000000e+00,0.000000000000000000e+00,1.000000000000000000e+00
9.987604127067485349e-01,-5.973151808392127005e-04,-4.977229374280182916e-02,-2.406570903151439289e-02,1.065353208629612851e-02,9.793219446850031096e-01,2.020273023936857426e-01,-3.692026232460513757e+00,4.862242552497016146e-02,-2.023071226451461924e-01,9.781143531628141430e-01,4.416531924214121135e-02,0.000000000000000000e+00,0.000000000000000000e+00,0.000000000000000000e+00,1.000000000000000000e+00
9.989549864807276691e-01,-5.881674186099758797e-03,-4.532483749620875441e-02,-2.155757894849543721e-01,1.481686999837044001e-02,9.798028660874064100e-01,1.994161577464457769e-01,-3.667369415667850685e+00,4.323650481642282023e-02,-1.998793373905179971e-01,9.788661068479115324e-01,4.075931695101088492e-02,0.000000000000000000e+00,0.000000000000000000e+00,0.000000000000000000e+00,1.000000000000000000e+00
9.991025077929347464e-01,-1.115421640256823027e-02,-4.086272602645892038e-02,-4.070858699383940182e-01,1.899373060821744896e-02,9.802551306396893871e-01,1.968225521939696299e-01,-3.642712598875187613e+00,3.786049549928301172e-02,-1.974220410972648276e-01,9.795872194805006483e-01,3.735331465988056543e-02,0.000000000000000000e+00,0.000000000000000000e+00,0.000000000000000000e+00,1.000000000000000000e+00
9.989472381018001945e-01,-8.580025808663627185e-03,-4.506438334103824578e-02,-1.704803390900312410e-01,1.604450091926608313e-02,9.856570590026965117e-01,1.679962381376636227e-01,-2.913650859630454448e+00,4.297661549071831594e-02,-1.685424136390528127e-01,9.847570590382612732e-01,1.355107025158258649e-01,0.000000000000000000e+00,0.000000000000000000e+00,0.000000000000000000e+00,1.000000000000000000e+00
9.987629333206531346e-01,-6.126155414707513437e-03,-4.934646131750053399e-02,6.612519175833153628e-02,1.294065851170973086e-02,9.902097807617932235e-01,1.389860764284136796e-01,-2.184589120385720840e+00,4.801189833789162864e-02,-1.394527170890419721e-01,9.890641017216608155e-01,2.336680903717711644e-01,0.000000000000000000e+00,0.000000000000000000e+00,0.000000000000000000e+00,1.000000000000000000e+00
9.985497047531056714e-01,-3.796475434596872488e-03,-5.370357447842472737e-02,3.027307226066943135e-01,9.685653201103844312e-03,9.939031660956091363e-01,1.098302533330029612e-01,-1.455527381140987675e+00,5.295918484600340564e-02,-1.101911212366866039e-01,9.924984844023936326e-01,3.318254782277164638e-01,0.000000000000000000e+00,0.000000000000000000e+00,0.000000000000000000e+00,1.000000000000000000e+00
9.983077422273649582e-01,-1.594542349146999081e-03,-5.813010617225728566e-02,5.393362534550570908e-01,6.283360646300441971e-03,9.967293457768178211e-01,8.056755330966373918e-02,-7.264656418962545104e-01,5.781151431929153900e-02,-8.079646466284130801e-02,9.950526418788590011e-01,4.299828660836617633e-01,0.000000000000000000e+00,0.000000000000000000e+00,0.000000000000000000e+00,1.000000000000000000e+00
9.980373136845070992e-01,4.764188282664072200e-04,-6.262023250126726170e-02,7.759417843034198681e-01,2.738067333609266359e-03,9.986827592059074332e-01,5.123718817569870160e-02,2.596097348478654254e-03,6.256215693763537977e-02,-5.130808406065665711e-02,9.967213537540645651e-01,5.281402539396070628e-01,0.000000000000000000e+00,0.000000000000000000e+00,0.000000000000000000e+00,1.000000000000000000e+00
9.977387642384187849e-01,2.413530149070058483e-03,-6.716794777431030206e-02,1.012547315151782534e+00,-9.455472870219262240e-04,9.997601871543356777e-01,2.187862247619127773e-02,7.316578365932122630e-01,6.720464475258351722e-02,-2.176563928184114746e-02,9.975017757730217927e-01,6.262976417955523623e-01,0.000000000000000000e+00,0.000000000000000000e+00,0.000000000000000000e+00,1.000000000000000000e+00
9.974125147137671288e-01,4.214274032815843417e-03,-7.176709125173981463e-02,1.249152846000145534e+00,-4.762431358892962353e-03,9.999607688364691160e-01,-7.468603318516712011e-03,1.460719575837944983e+00,7.173280100422015082e-02,7.791064263235157952e-03,9.973934552511035667e-01,7.244550296514976617e-01,0.000000000000000000e+00,0.000000000000000000e+00,0.000000000000000000e+00,1.000000000000000000e+00
9.970590596749466794e-01,5.876504147645779559e-03,-7.641137493275355907e-02,1.485758376848508089e+00,-8.707183679233707757e-03,9.992860031250424546e-01,-3.676505012581487292e-02,2.189781315082678592e+00,7.614076748028759944e-02,3.732225418406952960e-02,9.963983304231960325e-01,8.226124175074429612e-01,0.000000000000000000e+00,0.000000000000000000e+00,0.000000000000000000e+00,1.000000000000000000e+00
9.966789649653210459e-01,7.398453769441147229e-03,-8.109441212240119101e-02,1.722363907696870644e+00,-1.277407904304071577e-02,9.977397339235440921e-01,-6.597155640711926949e-02,2.918843054327412201e+00,8.042302966351462523e-02,6.678836898739939909e-02,9.945207137449398882e-01,9.207698053633882607e-01,0.000000000000000000e+00,0.000000000000000000e+00,0.000000000000000000e+00,1.000000000000000000e+00
